Name	Year	Decade	Abilities	AbilitiesCount	Partnerships	PartnershipsCount	URL	ImageURL	localFilePath	NameCaps	PartnershipsCaps	AbilitiesCaps
Black Dragon Society	1942	1940		0		0	https://en.wikipedia.org/wiki/List_of_teams_and_organizations_in_DC_Comics	https://upload.wikimedia.org/wikipedia/en/2/2d/Bdsoslg.png	img.dc_chars/0.png	BLACK DRAGON SOCIETY		
Abin Sur	1959	1950	Green Lantern power ring	1		0	https://en.wikipedia.org/wiki/Abin_Sur	https://upload.wikimedia.org/wikipedia/en/thumb/2/26/Abin_Sur.png/250px-Abin_Sur.png	img.dc_chars/1.png	ABIN SUR		GREEN LANTERN POWER RING
Ace the Bat-Hound	1955	1950	Agility,Keen sense of smell	2		0	https://en.wikipedia.org/wiki/Ace_the_Bat-Hound	https://upload.wikimedia.org/wikipedia/en/thumb/f/f9/Ace_the_Bat-Hound.png/250px-Ace_the_Bat-Hound.png	img.dc_chars/2.png	ACE THE BAT-HOUND		AGILITY,KEEN SENSE OF SMELL
Ambush Bug	1982	1980	Teleportation,Green suit provides limited protection from some attacks,Fourth wall breaks	3		0	https://en.wikipedia.org/wiki/Ambush_Bug	https://upload.wikimedia.org/wikipedia/en/thumb/f/f9/Ambushbug-comic-.jpg/250px-Ambushbug-comic-.jpg	img.dc_chars/3.jpg	AMBUSH BUG		TELEPORTATION,GREEN SUIT PROVIDES LIMITED PROTECTION FROM SOME ATTACKS,FOURTH WALL BREAKS
Anarky	1989	1980	Expert strategist, tactician, and manipulator,Proficient engineer and inventor,Weapon/tool improvisation,Highly skilled martial artist,Trained computer scientist and hacker	5	Legs	1	https://en.wikipedia.org/wiki/Anarky	https://upload.wikimedia.org/wikipedia/en/4/4d/Anarky01.jpg	img.dc_chars/4.jpg	ANARKY	LEGS	EXPERT STRATEGIST, TACTICIAN, AND MANIPULATOR,PROFICIENT ENGINEER AND INVENTOR,WEAPON/TOOL IMPROVISATION,HIGHLY SKILLED MARTIAL ARTIST,TRAINED COMPUTER SCIENTIST AND HACKER
Apollo	1998	1990	Solar-based being capable of absorbing solar energy,converting it into immense physical strength,speed,release blasts of laser-like heat vision through his eyes,Regenerative  healing factor,Light manipulation,Invulnerability,Flight,Enhanced senses	9	Midnighter	1	https://en.wikipedia.org/wiki/Apollo_(DC_Comics)	https://upload.wikimedia.org/wikipedia/en/3/30/Apollox.jpg	img.dc_chars/5.jpg	APOLLO	MIDNIGHTER	SOLAR-BASED BEING CAPABLE OF ABSORBING SOLAR ENERGY,CONVERTING IT INTO IMMENSE PHYSICAL STRENGTH,SPEED,RELEASE BLASTS OF LASER-LIKE HEAT VISION THROUGH HIS EYES,REGENERATIVE  HEALING FACTOR,LIGHT MANIPULATION,INVULNERABILITY,FLIGHT,ENHANCED SENSES
Aqualad	1960	1960		0		0	https://en.wikipedia.org/wiki/Aqualad	https://None	N/A	AQUALAD		
Arak	1981	1980	Expert swordsman,archer,tracker,weather manipulation,earth manipulation,illusion casting,longevity,magic,marksmanship,wind bursts	10		0	https://en.wikipedia.org/wiki/Arak_(character)	https://upload.wikimedia.org/wikipedia/en/thumb/c/cd/Arakdcu0.jpg/250px-Arakdcu0.jpg	img.dc_chars/7.jpg	ARAK		EXPERT SWORDSMAN,ARCHER,TRACKER,WEATHER MANIPULATION,EARTH MANIPULATION,ILLUSION CASTING,LONGEVITY,MAGIC,MARKSMANSHIP,WIND BURSTS
Artemis of Bana-Mighdall	1994	1990	"Trained in high levels of hand-to-hand combat
Expertise in a wide array of weapons
Ageless
Superhuman strength, speed, durability, stamina, agility, reflexes
Self-sustenance
Some knowledge of low level sorceries
Fluent in demon language
Magic weapons: Gauntlets of Atlas, Sandals of Hermes, Armor of Shim'Tar,Trained in high levels of hand-to-hand combat,Expertise in a wide array of weapons,Ageless,Superhuman strength, speed, durability, stamina, agility, reflexes,Self-sustenance,Some knowledge of low level sorceries,Fluent in demon language,Magic weapons: Gauntlets of Atlas, Sandals of Hermes, Armor of Shim'Tar"	9	Wonder Woman,Red Hood,Bizarro	3	https://en.wikipedia.org/wiki/Artemis_of_Bana-Mighdall	https://upload.wikimedia.org/wikipedia/en/thumb/5/5f/Artemis_of_Bana-Mighdall_%28circa_2022%29.png/250px-Artemis_of_Bana-Mighdall_%28circa_2022%29.png	img.dc_chars/8.png	ARTEMIS OF BANA-MIGHDALL	WONDER WOMAN,RED HOOD,BIZARRO	"TRAINED IN HIGH LEVELS OF HAND-TO-HAND COMBAT
EXPERTISE IN A WIDE ARRAY OF WEAPONS
AGELESS
SUPERHUMAN STRENGTH, SPEED, DURABILITY, STAMINA, AGILITY, REFLEXES
SELF-SUSTENANCE
SOME KNOWLEDGE OF LOW LEVEL SORCERIES
FLUENT IN DEMON LANGUAGE
MAGIC WEAPONS: GAUNTLETS OF ATLAS, SANDALS OF HERMES, ARMOR OF SHIM'TAR,TRAINED IN HIGH LEVELS OF HAND-TO-HAND COMBAT,EXPERTISE IN A WIDE ARRAY OF WEAPONS,AGELESS,SUPERHUMAN STRENGTH, SPEED, DURABILITY, STAMINA, AGILITY, REFLEXES,SELF-SUSTENANCE,SOME KNOWLEDGE OF LOW LEVEL SORCERIES,FLUENT IN DEMON LANGUAGE,MAGIC WEAPONS: GAUNTLETS OF ATLAS, SANDALS OF HERMES, ARMOR OF SHIM'TAR"
Atomic Knight	1960	1960	Precognition,Wears a suit of armor granting enhanced strength,speed,endurance,blasts of energy,as well as being adaptable to other technology	6		0	https://en.wikipedia.org/wiki/Atomic_Knight	https://upload.wikimedia.org/wikipedia/en/thumb/1/1c/Atomicknight.png/250px-Atomicknight.png	img.dc_chars/9.png	ATOMIC KNIGHT		PRECOGNITION,WEARS A SUIT OF ARMOR GRANTING ENHANCED STRENGTH,SPEED,ENDURANCE,BLASTS OF ENERGY,AS WELL AS BEING ADAPTABLE TO OTHER TECHNOLOGY
Aztek	1996	1990	Superhuman strength, speed, and hearing,X-ray vision,Flight,Invisibility,Plasma blasts,Body heat camouflage,Density shifting,Entrapment net generation	8		0	https://en.wikipedia.org/wiki/Aztek_(character)	https://upload.wikimedia.org/wikipedia/en/thumb/a/a2/Aztek_comic_cover.jpg/250px-Aztek_comic_cover.jpg	img.dc_chars/10.jpg	AZTEK		SUPERHUMAN STRENGTH, SPEED, AND HEARING,X-RAY VISION,FLIGHT,INVISIBILITY,PLASMA BLASTS,BODY HEAT CAMOUFLAGE,DENSITY SHIFTING,ENTRAPMENT NET GENERATION
B'wana Beast	1967	1960	Telepathic control over animals,Able to fuse two animals into a chimera,Superhuman strength, speed, endurance, and agility,Heightened senses,Experienced wrestler	5		0	https://en.wikipedia.org/wiki/B%27wana_Beast	https://upload.wikimedia.org/wikipedia/en/thumb/2/23/Bwanabeastdcu0.jpg/250px-Bwanabeastdcu0.jpg	img.dc_chars/11.jpg	B'WANA BEAST		TELEPATHIC CONTROL OVER ANIMALS,ABLE TO FUSE TWO ANIMALS INTO A CHIMERA,SUPERHUMAN STRENGTH, SPEED, ENDURANCE, AND AGILITY,HEIGHTENED SENSES,EXPERIENCED WRESTLER
Baron Bedlam	1983	1980	Superhuman strength, endurance, and durability,Flight,Lava blasts,Earth manipulation	4		0	https://en.wikipedia.org/wiki/Baron_Bedlam	https://upload.wikimedia.org/wikipedia/en/8/81/Badsamaritandcu0.jpg	img.dc_chars/12.jpg	BARON BEDLAM		SUPERHUMAN STRENGTH, ENDURANCE, AND DURABILITY,FLIGHT,LAVA BLASTS,EARTH MANIPULATION
Bat-Mite	1959	1950	Nigh-omnipotence,Reality warping,Immortality,Invulnerability,Fifth dimensional physiology,Advanced technology	6		0	https://en.wikipedia.org/wiki/Bat-Mite	https://upload.wikimedia.org/wikipedia/en/thumb/5/52/Bat-Mite.png/250px-Bat-Mite.png	img.dc_chars/13.png	BAT-MITE		NIGH-OMNIPOTENCE,REALITY WARPING,IMMORTALITY,INVULNERABILITY,FIFTH DIMENSIONAL PHYSIOLOGY,ADVANCED TECHNOLOGY
Batman	1939	1930	Genius-level intellect,Expert detective,Master martial artist and hand-to-hand combatant,Master tactician, strategist and field commander,Proficient in using high-tech equipment and weapons	5	Robin,Batgirl,Alfred Pennyworth,James Gordon,Superman,Wonder Woman,Catwoman	7	https://en.wikipedia.org/wiki/Batman	https://upload.wikimedia.org/wikipedia/en/c/c7/Batman_Infobox.jpg	img.dc_chars/14.jpg	BATMAN	ROBIN,BATGIRL,ALFRED PENNYWORTH,JAMES GORDON,SUPERMAN,WONDER WOMAN,CATWOMAN	GENIUS-LEVEL INTELLECT,EXPERT DETECTIVE,MASTER MARTIAL ARTIST AND HAND-TO-HAND COMBATANT,MASTER TACTICIAN, STRATEGIST AND FIELD COMMANDER,PROFICIENT IN USING HIGH-TECH EQUIPMENT AND WEAPONS
Thomas Wayne	1939	1930		0		0	https://en.wikipedia.org/wiki/Thomas_Wayne	https://upload.wikimedia.org/wikipedia/en/a/ad/Thomas_Wayne.png	img.dc_chars/15.png	THOMAS WAYNE		
Batman	1979	1970	Genius-level intellect, advanced hand-to-hand combat, marksman, and highly skilled  acrobat and gymnast.,Utilizes high-tech equipment and weapons	2	Katana,Tiffany Fox,The Signal	3	https://en.wikipedia.org/wiki/Batman_(Jace_Fox)	https://upload.wikimedia.org/wikipedia/en/thumb/f/f7/I_Am_Batman_15.jpg/250px-I_Am_Batman_15.jpg	img.dc_chars/16.jpg	BATMAN	KATANA,TIFFANY FOX,THE SIGNAL	GENIUS-LEVEL INTELLECT, ADVANCED HAND-TO-HAND COMBAT, MARKSMAN, AND HIGHLY SKILLED  ACROBAT AND GYMNAST.,UTILIZES HIGH-TECH EQUIPMENT AND WEAPONS
Simon Baz	2012	2010	Skilled marksman and gunsmith,Flight,Force field,Generation of hard-light constructs,Real-time translation of all languages,Space & time travel,Energy projection & absorption,Material & mind alteration,Holographic projection,Phasing,Emerald sight,Environmental playback,Will empowerment,Invisibility and Light Refraction,Wormholes and Spatial warps,Limited cellular regeneration,Electromagnetic scanning,Galactic Encyclopedia,Ring duplication,Emergency homing beacon,Pocket dimensions,Resurrection,Security protocol,Preset conditions,Thought relay	25		0	https://en.wikipedia.org/wiki/Simon_Baz	https://upload.wikimedia.org/wikipedia/en/thumb/4/41/Simon_Baz_with_gun.jpg/250px-Simon_Baz_with_gun.jpg	img.dc_chars/17.jpg	SIMON BAZ		SKILLED MARKSMAN AND GUNSMITH,FLIGHT,FORCE FIELD,GENERATION OF HARD-LIGHT CONSTRUCTS,REAL-TIME TRANSLATION OF ALL LANGUAGES,SPACE & TIME TRAVEL,ENERGY PROJECTION & ABSORPTION,MATERIAL & MIND ALTERATION,HOLOGRAPHIC PROJECTION,PHASING,EMERALD SIGHT,ENVIRONMENTAL PLAYBACK,WILL EMPOWERMENT,INVISIBILITY AND LIGHT REFRACTION,WORMHOLES AND SPATIAL WARPS,LIMITED CELLULAR REGENERATION,ELECTROMAGNETIC SCANNING,GALACTIC ENCYCLOPEDIA,RING DUPLICATION,EMERGENCY HOMING BEACON,POCKET DIMENSIONS,RESURRECTION,SECURITY PROTOCOL,PRESET CONDITIONS,THOUGHT RELAY
The Beefeater	1989	1980	Power Rod	1		0	https://en.wikipedia.org/wiki/Beefeater_(character)	https://upload.wikimedia.org/wikipedia/en/thumb/a/a2/Beefeaterdcu1.jpg/250px-Beefeaterdcu1.jpg	img.dc_chars/18.jpg	THE BEEFEATER		POWER ROD
Belyllioth	1996	1990	Magic,Sharp claws,Control of 1/13th of Hell's demons	3		0	https://en.wikipedia.org/wiki/Belyllioth	https://upload.wikimedia.org/wikipedia/en/e/e8/BelylliothFull.jpg	img.dc_chars/19.jpg	BELYLLIOTH		MAGIC,SHARP CLAWS,CONTROL OF 1/13TH OF HELL'S DEMONS
Beowulf	1975	1970	Expert  swordsman,superhuman strength,speed	3		0	https://en.wikipedia.org/wiki/Beowulf_(DC_Comics)	https://upload.wikimedia.org/wikipedia/en/2/2f/BeowulfDCU0.jpg	img.dc_chars/20.jpg	BEOWULF		EXPERT  SWORDSMAN,SUPERHUMAN STRENGTH,SPEED
Bizarro	1958	1950	Superhuman strength, stamina, endurance, speed, recovery, and hearing,Invulnerability,Flight,Omnireplication,Kryptonite empowerment,Ice, x-ray, telescopic, and microscopic vision,Fire and vacuum breath	7		0	https://en.wikipedia.org/wiki/Bizarro	https://upload.wikimedia.org/wikipedia/en/thumb/f/f2/Bizarro.png/250px-Bizarro.png	img.dc_chars/21.png	BIZARRO		SUPERHUMAN STRENGTH, STAMINA, ENDURANCE, SPEED, RECOVERY, AND HEARING,INVULNERABILITY,FLIGHT,OMNIREPLICATION,KRYPTONITE EMPOWERMENT,ICE, X-RAY, TELESCOPIC, AND MICROSCOPIC VISION,FIRE AND VACUUM BREATH
Bizarra	1984	1980	Reverse abilities of  Wonder Woman  including super-strength,a magic lasso that forces one to tell lies	2		0	https://en.wikipedia.org/wiki/Bizarra	https://upload.wikimedia.org/wikipedia/en/b/be/Bizarra.jpg	img.dc_chars/22.jpg	BIZARRA		REVERSE ABILITIES OF  WONDER WOMAN  INCLUDING SUPER-STRENGTH,A MAGIC LASSO THAT FORCES ONE TO TELL LIES
Black Lightning	1977	1970	Manipulates electricity to various effects, including shooting lightning bolts, exerting electromagnetism, and deflecting attacks.,Highly skilled fighter in martial arts	2		0	https://en.wikipedia.org/wiki/Black_Lightning	https://upload.wikimedia.org/wikipedia/en/thumb/c/c2/Black_Lightning_%28DC_Rebirth_version%29.png/250px-Black_Lightning_%28DC_Rebirth_version%29.png	img.dc_chars/23.png	BLACK LIGHTNING		MANIPULATES ELECTRICITY TO VARIOUS EFFECTS, INCLUDING SHOOTING LIGHTNING BOLTS, EXERTING ELECTROMAGNETISM, AND DEFLECTING ATTACKS.,HIGHLY SKILLED FIGHTER IN MARTIAL ARTS
The Black Pirate	1940	1940	Incorporeal ghost form	1		0	https://en.wikipedia.org/wiki/Black_Pirate	https://upload.wikimedia.org/wikipedia/en/thumb/c/c3/Black_Pirate.jpeg/250px-Black_Pirate.jpeg	img.dc_chars/24.jpeg	THE BLACK PIRATE		INCORPOREAL GHOST FORM
Bloodwynd	1992	1990	Mystic blood gem grants various magical abilities	1		0	https://en.wikipedia.org/wiki/Bloodwynd	https://upload.wikimedia.org/wikipedia/en/thumb/c/cc/Bloodwynd_0.png/250px-Bloodwynd_0.png	img.dc_chars/25.png	BLOODWYND		MYSTIC BLOOD GEM GRANTS VARIOUS MAGICAL ABILITIES
Dan GarrettBlue Beetle	1939	1930	"Scarab:
Flight
Energy projection
Superhuman strength
Superhuman durability,Flight,Energy projection,Superhuman strength,Superhuman durability"	5		0	https://en.wikipedia.org/wiki/Blue_Beetle_(Dan_Garrett)	https://upload.wikimedia.org/wikipedia/commons/thumb/1/13/Blue_Beetle_04.jpg/250px-Blue_Beetle_04.jpg	img.dc_chars/26.jpg	DAN GARRETTBLUE BEETLE		"SCARAB:
FLIGHT
ENERGY PROJECTION
SUPERHUMAN STRENGTH
SUPERHUMAN DURABILITY,FLIGHT,ENERGY PROJECTION,SUPERHUMAN STRENGTH,SUPERHUMAN DURABILITY"
Jaime ReyesBlue Beetle	2006	2000	"Reach Scarab armored suit grants:
Flight
Superhuman strength and durability
Melee weapon production
Translation of alien languages
Energy pulse shield projection
Ability to create and unleash powerful hand blasts/beams
Sound manipulation
Technomorphy
Pyrokinesis & Mechanokinesis
Mind link with the Scarab due to his bond with Khaji Da,Flight,Superhuman strength and durability
Melee weapon production,Melee weapon production,Translation of alien languages,Energy pulse shield projection,Ability to create and unleash powerful hand blasts/beams,Sound manipulation,Technomorphy,Pyrokinesis & Mechanokinesis,Mind link with the Scarab due to his bond with Khaji Da"	11	Batman,Booster Gold,Traci Thirteen,Robin,Static,Miss Martian,Peacemaker,Starfire	8	https://en.wikipedia.org/wiki/Blue_Beetle_(Jaime_Reyes)	https://upload.wikimedia.org/wikipedia/en/thumb/8/8f/Blue_Beetle_Reyes.PNG/250px-Blue_Beetle_Reyes.PNG	img.dc_chars/27.PNG	JAIME REYESBLUE BEETLE	BATMAN,BOOSTER GOLD,TRACI THIRTEEN,ROBIN,STATIC,MISS MARTIAN,PEACEMAKER,STARFIRE	"REACH SCARAB ARMORED SUIT GRANTS:
FLIGHT
SUPERHUMAN STRENGTH AND DURABILITY
MELEE WEAPON PRODUCTION
TRANSLATION OF ALIEN LANGUAGES
ENERGY PULSE SHIELD PROJECTION
ABILITY TO CREATE AND UNLEASH POWERFUL HAND BLASTS/BEAMS
SOUND MANIPULATION
TECHNOMORPHY
PYROKINESIS & MECHANOKINESIS
MIND LINK WITH THE SCARAB DUE TO HIS BOND WITH KHAJI DA,FLIGHT,SUPERHUMAN STRENGTH AND DURABILITY
MELEE WEAPON PRODUCTION,MELEE WEAPON PRODUCTION,TRANSLATION OF ALIEN LANGUAGES,ENERGY PULSE SHIELD PROJECTION,ABILITY TO CREATE AND UNLEASH POWERFUL HAND BLASTS/BEAMS,SOUND MANIPULATION,TECHNOMORPHY,PYROKINESIS & MECHANOKINESIS,MIND LINK WITH THE SCARAB DUE TO HIS BOND WITH KHAJI DA"
Blue Devil	1984	1980	Superhuman strength, durability, agility, and senses,Enhanced vision and hearing,Master martial artist and hand-to-hand combatant,Expert acrobat,Nigh-invulnerability,Healing factor,Utilizes the Trident of Lucifer,Can find demons on Earth and banish them to Hell	8		0	https://en.wikipedia.org/wiki/Blue_Devil_(DC_Comics)	https://upload.wikimedia.org/wikipedia/en/thumb/0/0b/Blue_Devil_%28Dan_Cassidy%29.png/250px-Blue_Devil_%28Dan_Cassidy%29.png	img.dc_chars/28.png	BLUE DEVIL		SUPERHUMAN STRENGTH, DURABILITY, AGILITY, AND SENSES,ENHANCED VISION AND HEARING,MASTER MARTIAL ARTIST AND HAND-TO-HAND COMBATANT,EXPERT ACROBAT,NIGH-INVULNERABILITY,HEALING FACTOR,UTILIZES THE TRIDENT OF LUCIFER,CAN FIND DEMONS ON EARTH AND BANISH THEM TO HELL
Bombshell	2006	2000	Flight,Superhuman strength and durability,Energy blasts	3		0	https://en.wikipedia.org/wiki/Bombshell_(DC_Comics)	https://upload.wikimedia.org/wikipedia/en/thumb/9/91/BombshellTT39.jpg/200px-BombshellTT39.jpg	img.dc_chars/29.jpg	BOMBSHELL		FLIGHT,SUPERHUMAN STRENGTH AND DURABILITY,ENERGY BLASTS
Booster Gold	1986	1980	"Power suit grants:
Superhuman strength, speed, endurance, and durability
Extended longevity
Force field generation
Energy blasts via gauntlets
Enhanced senses via visor
Time travel
Flight via ring,Superhuman strength, speed, endurance, and durability,Extended longevity,Force field generation,Energy blasts via gauntlets,Enhanced senses via visor,Time travel,Flight via ring,Expert athlete and hand-to-hand combatant"	9	Blue Beetle,Michelle Carter,Rip Hunter,Godiva,Green Lantern	5	https://en.wikipedia.org/wiki/Booster_Gold	https://upload.wikimedia.org/wikipedia/en/thumb/8/86/Booster_Gold_%28circa_1988%29.png/250px-Booster_Gold_%28circa_1988%29.png	img.dc_chars/30.png	BOOSTER GOLD	BLUE BEETLE,MICHELLE CARTER,RIP HUNTER,GODIVA,GREEN LANTERN	"POWER SUIT GRANTS:
SUPERHUMAN STRENGTH, SPEED, ENDURANCE, AND DURABILITY
EXTENDED LONGEVITY
FORCE FIELD GENERATION
ENERGY BLASTS VIA GAUNTLETS
ENHANCED SENSES VIA VISOR
TIME TRAVEL
FLIGHT VIA RING,SUPERHUMAN STRENGTH, SPEED, ENDURANCE, AND DURABILITY,EXTENDED LONGEVITY,FORCE FIELD GENERATION,ENERGY BLASTS VIA GAUNTLETS,ENHANCED SENSES VIA VISOR,TIME TRAVEL,FLIGHT VIA RING,EXPERT ATHLETE AND HAND-TO-HAND COMBATANT"
Sasha Bordeaux	2000	2000	An  OMAC  cyborg independent of Brother Eye,also infrared vision in cybernetic eye,resistant to telepathy	3		0	https://en.wikipedia.org/wiki/Sasha_Bordeaux	https://upload.wikimedia.org/wikipedia/en/a/a2/Sasha_Bordeaux_%28circa_2006%29.png	img.dc_chars/31.png	SASHA BORDEAUX		AN  OMAC  CYBORG INDEPENDENT OF BROTHER EYE,ALSO INFRARED VISION IN CYBERNETIC EYE,RESISTANT TO TELEPATHY
Bozo the Iron Man	1939	1930	Flight	1		0	https://en.wikipedia.org/wiki/Bozo_the_Iron_Man	https://upload.wikimedia.org/wikipedia/commons/thumb/8/8d/SmashComicsNumber05.jpg/250px-SmashComicsNumber05.jpg	img.dc_chars/32.jpg	BOZO THE IRON MAN		FLIGHT
Brainiac 5	1961	1960	12th-level intellect,Mechanical aptitude,Force field via belt,Flight via ring	4		0	https://en.wikipedia.org/wiki/Brainiac_5	https://upload.wikimedia.org/wikipedia/en/8/8f/Brianiac_5_%28Post-Infinite_Crisis_version%29.jpg	img.dc_chars/33.jpg	BRAINIAC 5		12TH-LEVEL INTELLECT,MECHANICAL APTITUDE,FORCE FIELD VIA BELT,FLIGHT VIA RING
Stephanie Brown	1992	1990	Expert tracker,Master strategist and tactician,Trained computer hacker,Highly skilled hand-to-hand combatant and martial artist,Expert athlete and acrobat	5	Batman,Oracle,Robin (Tim Drake)	3	https://en.wikipedia.org/wiki/Stephanie_Brown_(character)	https://upload.wikimedia.org/wikipedia/en/7/75/The_Spoiler_%28The_New_52%29.jpg	img.dc_chars/34.jpg	STEPHANIE BROWN	BATMAN,ORACLE,ROBIN (TIM DRAKE)	EXPERT TRACKER,MASTER STRATEGIST AND TACTICIAN,TRAINED COMPUTER HACKER,HIGHLY SKILLED HAND-TO-HAND COMBATANT AND MARTIAL ARTIST,EXPERT ATHLETE AND ACROBAT
Bulleteer	2005	2000	Smartskin originally granted superhuman strength,durability,was later shown to have developed flight	3		0	https://en.wikipedia.org/wiki/Bulleteer	https://upload.wikimedia.org/wikipedia/en/thumb/8/87/Bulleteer_4.jpg/250px-Bulleteer_4.jpg	img.dc_chars/35.jpg	BULLETEER		SMARTSKIN ORIGINALLY GRANTED SUPERHUMAN STRENGTH,DURABILITY,WAS LATER SHOWN TO HAVE DEVELOPED FLIGHT
Bulletman and Bulletgirl	1940	1940	Chemically-induced superhuman strength,intelligence,Gravity Regulator Helmet grants them:,Flight,Bullet deflection	5		0	https://en.wikipedia.org/wiki/Bulletman_and_Bulletgirl	https://upload.wikimedia.org/wikipedia/commons/thumb/1/10/Cover_of_Bulletman_no._3.jpg/250px-Cover_of_Bulletman_no._3.jpg	img.dc_chars/36.jpg	BULLETMAN AND BULLETGIRL		CHEMICALLY-INDUCED SUPERHUMAN STRENGTH,INTELLIGENCE,GRAVITY REGULATOR HELMET GRANTS THEM:,FLIGHT,BULLET DEFLECTION
Bunker	2011	2010	Energy constructs	1		0	https://en.wikipedia.org/wiki/Bunker_(character)	https://upload.wikimedia.org/wikipedia/en/thumb/a/ab/Bunker_%28a_DC_Comics_character%29.jpg/250px-Bunker_%28a_DC_Comics_character%29.jpg	img.dc_chars/37.jpg	BUNKER		ENERGY CONSTRUCTS
Cassandra Cain	1999	1990	Expert martial artist and hand-to-hand combatant,Peak physical of human conditioning,Able to read body language and anticipate opponents' actions	3	Batman,Stephanie Brown,Barbara Gordon,Jade Tiger,Tim Drake,Duke Thomas	6	https://en.wikipedia.org/wiki/Cassandra_Cain	https://upload.wikimedia.org/wikipedia/en/7/79/Batgirl_Cassandra_Cain_%282024%29_001.png	img.dc_chars/38.png	CASSANDRA CAIN	BATMAN,STEPHANIE BROWN,BARBARA GORDON,JADE TIGER,TIM DRAKE,DUKE THOMAS	EXPERT MARTIAL ARTIST AND HAND-TO-HAND COMBATANT,PEAK PHYSICAL OF HUMAN CONDITIONING,ABLE TO READ BODY LANGUAGE AND ANTICIPATE OPPONENTS' ACTIONS
Captain Atom	1960	1960	Superhuman strength, speed, stamina, and reflexes,Anti-magic,Time manipulation,Time travel,Teleportation,Atomic manipulation,Atomic transmutation,Quantum field manipulation,Fundamental-forces control,Energy projection,Energy absorption,Reality alteration,Flight,Immortality,Invulnerability,Matter manipulation,Matter generation,Matter absorption,Regeneration,Bio-fission,Size alteration,Self-sustenance,Space vacuum adaptation,Power augmentation,Power distribution (Nathaniel)See: Powers and abilities	25	Nightshade,Plastique,Forerunner	3	https://en.wikipedia.org/wiki/Captain_Atom	https://upload.wikimedia.org/wikipedia/en/thumb/f/fe/Captain_Atom_%28Nathaniel_Christopher_Adam%29.png/250px-Captain_Atom_%28Nathaniel_Christopher_Adam%29.png	img.dc_chars/39.png	CAPTAIN ATOM	NIGHTSHADE,PLASTIQUE,FORERUNNER	SUPERHUMAN STRENGTH, SPEED, STAMINA, AND REFLEXES,ANTI-MAGIC,TIME MANIPULATION,TIME TRAVEL,TELEPORTATION,ATOMIC MANIPULATION,ATOMIC TRANSMUTATION,QUANTUM FIELD MANIPULATION,FUNDAMENTAL-FORCES CONTROL,ENERGY PROJECTION,ENERGY ABSORPTION,REALITY ALTERATION,FLIGHT,IMMORTALITY,INVULNERABILITY,MATTER MANIPULATION,MATTER GENERATION,MATTER ABSORPTION,REGENERATION,BIO-FISSION,SIZE ALTERATION,SELF-SUSTENANCE,SPACE VACUUM ADAPTATION,POWER AUGMENTATION,POWER DISTRIBUTION (NATHANIEL)SEE: POWERS AND ABILITIES
Captain Comet	1951	1950	Superhuman strength,invulnerability,Immense telekinetic,telepathic powers,Flight,Super speed,Tremendous intellect,Photographic memory,Concussive energy shot,Aura  vision,Teleportation,Clairvoyance,Postcognition,Extended lifespan,Accelerated healing,Invisibility	16		0	https://en.wikipedia.org/wiki/Captain_Comet	https://upload.wikimedia.org/wikipedia/en/thumb/d/d5/Comet_shanedavis.jpg/250px-Comet_shanedavis.jpg	img.dc_chars/40.jpg	CAPTAIN COMET		SUPERHUMAN STRENGTH,INVULNERABILITY,IMMENSE TELEKINETIC,TELEPATHIC POWERS,FLIGHT,SUPER SPEED,TREMENDOUS INTELLECT,PHOTOGRAPHIC MEMORY,CONCUSSIVE ENERGY SHOT,AURA  VISION,TELEPORTATION,CLAIRVOYANCE,POSTCOGNITION,EXTENDED LIFESPAN,ACCELERATED HEALING,INVISIBILITY
Captain Triumph	1943	1940	Flight,Near invulnerability,Invisibility,Limited superhuman strength,Ability to alter his physical appearance,shape,size,voice	8		0	https://en.wikipedia.org/wiki/Captain_Triumph	https://upload.wikimedia.org/wikipedia/commons/thumb/c/cd/Crack_Comics_-27%2C_Cover.jpg/250px-Crack_Comics_-27%2C_Cover.jpg	img.dc_chars/41.jpg	CAPTAIN TRIUMPH		FLIGHT,NEAR INVULNERABILITY,INVISIBILITY,LIMITED SUPERHUMAN STRENGTH,ABILITY TO ALTER HIS PHYSICAL APPEARANCE,SHAPE,SIZE,VOICE
Catwoman	1940	1940	Expert burglar,Martial arts and hand-to-hand combat expertise,Highly skilled gymnast and acrobat,Proficient with whip and retractable claws	4	Batman,Holly Robinson,Slam Bradley	3	https://en.wikipedia.org/wiki/Catwoman	https://upload.wikimedia.org/wikipedia/en/thumb/e/e4/Catwoman_Infobox.jpg/250px-Catwoman_Infobox.jpg	img.dc_chars/42.jpg	CATWOMAN	BATMAN,HOLLY ROBINSON,SLAM BRADLEY	EXPERT BURGLAR,MARTIAL ARTS AND HAND-TO-HAND COMBAT EXPERTISE,HIGHLY SKILLED GYMNAST AND ACROBAT,PROFICIENT WITH WHIP AND RETRACTABLE CLAWS
Centrix	1994	1990	Energy wave projection	1		0	https://en.wikipedia.org/wiki/Centrix	https://upload.wikimedia.org/wikipedia/en/3/38/Centrix.jpg	img.dc_chars/43.jpg	CENTRIX		ENERGY WAVE PROJECTION
Centurions	2020	2020		0		0	https://en.wikipedia.org/wiki/Centurions_(TV_series)	https://upload.wikimedia.org/wikipedia/en/thumb/a/a5/Centurions_Title.png/250px-Centurions_Title.png	img.dc_chars/44.png	CENTURIONS		
Adrian Chase	1982	1980	Brilliant marksman,Superb hand-to-hand combatant/martial artist,Regenerative healing powers	3		0	https://en.wikipedia.org/wiki/Adrian_Chase	https://upload.wikimedia.org/wikipedia/en/5/56/Vigilante_%28Adrian_Chase%29.png	img.dc_chars/45.png	ADRIAN CHASE		BRILLIANT MARKSMAN,SUPERB HAND-TO-HAND COMBATANT/MARTIAL ARTIST,REGENERATIVE HEALING POWERS
Chemical King	1968	1960	Can alter the speed of chemical reactions	1		0	https://en.wikipedia.org/wiki/Chemical_King	https://upload.wikimedia.org/wikipedia/en/6/68/Chemical_King_%28Condo_Arlik%29.png	img.dc_chars/46.png	CHEMICAL KING		CAN ALTER THE SPEED OF CHEMICAL REACTIONS
Chief	1963	1960	Genius-level intellect,Expert surgeon	2		0	https://en.wikipedia.org/wiki/Chief_(DC_Comics)	https://upload.wikimedia.org/wikipedia/en/thumb/4/41/Chief_%28Niles_Caulder%29.png/250px-Chief_%28Niles_Caulder%29.png	img.dc_chars/47.png	CHIEF		GENIUS-LEVEL INTELLECT,EXPERT SURGEON
Chris King and Vicky Grant	1981	1980	Can use the H-Dial to turn into superheroes	1		0	https://en.wikipedia.org/wiki/Chris_King_and_Vicki_Grant	https://upload.wikimedia.org/wikipedia/en/thumb/3/37/Dial_H_for_Hero_2.jpg/250px-Dial_H_for_Hero_2.jpg	img.dc_chars/48.jpg	CHRIS KING AND VICKY GRANT		CAN USE THE H-DIAL TO TURN INTO SUPERHEROES
Chris KL-99	1950	1950	Expert pilot,explorer,accomplished athlete,analytical mind	4		0	https://en.wikipedia.org/wiki/Chris_KL-99	https://upload.wikimedia.org/wikipedia/en/thumb/b/bd/Chriskl99dcu0.jpg/250px-Chriskl99dcu0.jpg	img.dc_chars/49.jpg	CHRIS KL-99		EXPERT PILOT,EXPLORER,ACCOMPLISHED ATHLETE,ANALYTICAL MIND
Betty Clawman	1988	1980	Cosmic awareness	1		0	https://en.wikipedia.org/wiki/Betty_Clawman	https://upload.wikimedia.org/wikipedia/en/b/b8/Betty_Clawman.jpg	img.dc_chars/50.jpg	BETTY CLAWMAN		COSMIC AWARENESS
Clayface	1940	1940	Shapeshifting,Regeneration,Superhuman strength, stamina, and durability,Power replication,Fatal touch,Genius-level intellect,Powered armor,Bio-fission,Death glare	9		0	https://en.wikipedia.org/wiki/Clayface	https://upload.wikimedia.org/wikipedia/en/thumb/8/8d/Clayfaces.jpg/250px-Clayfaces.jpg	img.dc_chars/51.jpg	CLAYFACE		SHAPESHIFTING,REGENERATION,SUPERHUMAN STRENGTH, STAMINA, AND DURABILITY,POWER REPLICATION,FATAL TOUCH,GENIUS-LEVEL INTELLECT,POWERED ARMOR,BIO-FISSION,DEATH GLARE
Codename: Assassin	1976	1970	Trained covert operative,telepathy,telekinesis	3		0	https://en.wikipedia.org/wiki/Codename:_Assassin	https://upload.wikimedia.org/wikipedia/en/thumb/1/15/Codeassassindcu0.jpg/250px-Codeassassindcu0.jpg	img.dc_chars/52.jpg	CODENAME: ASSASSIN		TRAINED COVERT OPERATIVE,TELEPATHY,TELEKINESIS
The Comet	1940	1940	"""Dissolvo-vision"",Flight (originally merely superhuman leaps)"	2		0	https://en.wikipedia.org/wiki/Comet_(Archie_Comics)	https://upload.wikimedia.org/wikipedia/commons/thumb/3/3a/Pep_Comics_panel.jpg/250px-Pep_Comics_panel.jpg	img.dc_chars/53.jpg	THE COMET		"""DISSOLVO-VISION"",FLIGHT (ORIGINALLY MERELY SUPERHUMAN LEAPS)"
The Comet	1991	1990	Superhuman strength,Energy blasts,Flight,Shapeshifting,Protective halo	5		0	https://en.wikipedia.org/wiki/Comet_(Impact_Comics)	https://upload.wikimedia.org/wikipedia/en/thumb/c/c5/The_Comet_%28comic_book%2C_no._1_-_front_cover%29.jpg/250px-The_Comet_%28comic_book%2C_no._1_-_front_cover%29.jpg	img.dc_chars/54.jpg	THE COMET		SUPERHUMAN STRENGTH,ENERGY BLASTS,FLIGHT,SHAPESHIFTING,PROTECTIVE HALO
Congorilla	1940	1940	Superhuman strength, stamina, durability, agility, reflexes, and senses,Healing factor,Size manipulation,Immortality	4		0	https://en.wikipedia.org/wiki/Congorilla	https://upload.wikimedia.org/wikipedia/en/thumb/c/c3/Congorilla.jpg/250px-Congorilla.jpg	img.dc_chars/55.jpg	CONGORILLA		SUPERHUMAN STRENGTH, STAMINA, DURABILITY, AGILITY, REFLEXES, AND SENSES,HEALING FACTOR,SIZE MANIPULATION,IMMORTALITY
Cosmic Boy	1958	1950	Magnetism manipulation,Magnetic field / force manipulation,Magnetic pulse,Magnetic flight,Electromagnetic sight,Energy absorption,Geomagnetic link,Basic hand-to-hand combatant,Enhanced intellect,Gifted leader,Legion flight ring	11		0	https://en.wikipedia.org/wiki/Cosmic_Boy	https://upload.wikimedia.org/wikipedia/en/3/34/Cosmic_Boy_%28Post-Infinite_Crisis_version%29.jpg	img.dc_chars/56.jpg	COSMIC BOY		MAGNETISM MANIPULATION,MAGNETIC FIELD / FORCE MANIPULATION,MAGNETIC PULSE,MAGNETIC FLIGHT,ELECTROMAGNETIC SIGHT,ENERGY ABSORPTION,GEOMAGNETIC LINK,BASIC HAND-TO-HAND COMBATANT,ENHANCED INTELLECT,GIFTED LEADER,LEGION FLIGHT RING
Creeper	1968	1960	"Transformation
Superhuman strength, stamina, durability, speed, agility, reflexes, leaping, and senses
Accelerated healing
Hypnotic intimidation
Powerful laughter,Superhuman strength, stamina, durability, speed, agility, reflexes, leaping, and senses,Accelerated healing,Hypnotic intimidation,Powerful laughter,Expertise in journalism and unarmed combat"	6		0	https://en.wikipedia.org/wiki/Creeper_(DC_Comics)	https://upload.wikimedia.org/wikipedia/en/thumb/4/43/Creeper_%28Justiniano%27s_art%29.jpg/250px-Creeper_%28Justiniano%27s_art%29.jpg	img.dc_chars/57.jpg	CREEPER		"TRANSFORMATION
SUPERHUMAN STRENGTH, STAMINA, DURABILITY, SPEED, AGILITY, REFLEXES, LEAPING, AND SENSES
ACCELERATED HEALING
HYPNOTIC INTIMIDATION
POWERFUL LAUGHTER,SUPERHUMAN STRENGTH, STAMINA, DURABILITY, SPEED, AGILITY, REFLEXES, LEAPING, AND SENSES,ACCELERATED HEALING,HYPNOTIC INTIMIDATION,POWERFUL LAUGHTER,EXPERTISE IN JOURNALISM AND UNARMED COMBAT"
Crimson Avenger	1938	1930	(Travis),Trained soldier,Skilled martial artist,(Elwood),Gifted inventor,(Carlyle),Teleportation,Intangibility	8		0	https://en.wikipedia.org/wiki/Crimson_Avenger	https://upload.wikimedia.org/wikipedia/en/thumb/6/6c/CrimsonAvengerIII.jpg/250px-CrimsonAvengerIII.jpg	img.dc_chars/58.jpg	CRIMSON AVENGER		(TRAVIS),TRAINED SOLDIER,SKILLED MARTIAL ARTIST,(ELWOOD),GIFTED INVENTOR,(CARLYLE),TELEPORTATION,INTANGIBILITY
Alex Danvers	2015	2010	Scientist, physician, tactician, and detective,Expert in human and extraterrestrial physiology,Master hand-to-hand combatant, martial artist, and markswoman,Proficiency with advanced DEO and extraterrestrial weaponry,Utilizes Kryptonite powered exosuit and sword	5		0	https://en.wikipedia.org/wiki/Alex_Danvers	https://upload.wikimedia.org/wikipedia/en/thumb/d/da/Alex_Danvers_%28Chyler_Leigh%29.jpg/250px-Alex_Danvers_%28Chyler_Leigh%29.jpg	img.dc_chars/59.jpg	ALEX DANVERS		SCIENTIST, PHYSICIAN, TACTICIAN, AND DETECTIVE,EXPERT IN HUMAN AND EXTRATERRESTRIAL PHYSIOLOGY,MASTER HAND-TO-HAND COMBATANT, MARTIAL ARTIST, AND MARKSWOMAN,PROFICIENCY WITH ADVANCED DEO AND EXTRATERRESTRIAL WEAPONRY,UTILIZES KRYPTONITE POWERED EXOSUIT AND SWORD
Simon Dark	2007	2000	Impervious to Bullets,Amputation,Super-strength,[ 2 ]    Intelligence,Arcane knowledge	5		0	https://en.wikipedia.org/wiki/Simon_Dark	https://upload.wikimedia.org/wikipedia/en/thumb/5/58/SimonDark_HCV.jpg/250px-SimonDark_HCV.jpg	img.dc_chars/60.jpg	SIMON DARK		IMPERVIOUS TO BULLETS,AMPUTATION,SUPER-STRENGTH,[ 2 ]    INTELLIGENCE,ARCANE KNOWLEDGE
Dawnstar	1977	1970	Light-speed flight,Long-range tracking	2		0	https://en.wikipedia.org/wiki/Dawnstar	https://upload.wikimedia.org/wikipedia/en/thumb/8/8e/Dawnstar_%28Post-Infinite_Crisis_version%29.jpg/250px-Dawnstar_%28Post-Infinite_Crisis_version%29.jpg	img.dc_chars/61.jpg	DAWNSTAR		LIGHT-SPEED FLIGHT,LONG-RANGE TRACKING
Speedy	2001	2000	Expert archer and markswoman,Utilizes various compound bows and trick arrows,Skilled martial artist, acrobat, and swordswoman	3		0	https://en.wikipedia.org/wiki/Speedy_(Mia_Dearden)	https://upload.wikimedia.org/wikipedia/en/thumb/3/31/Speedy_%28Mia_Dearden%29.png/250px-Speedy_%28Mia_Dearden%29.png	img.dc_chars/62.png	SPEEDY		EXPERT ARCHER AND MARKSWOMAN,UTILIZES VARIOUS COMPOUND BOWS AND TRICK ARROWS,SKILLED MARTIAL ARTIST, ACROBAT, AND SWORDSWOMAN
Dharma	1994	1990	Precognition,Psychometry,Energy manipulation,Reality warping,manipulation	5		0	https://en.wikipedia.org/wiki/Dharma_(character)	https://upload.wikimedia.org/wikipedia/en/thumb/a/a6/Dharma_%28DC%29.jpg/250px-Dharma_%28DC%29.jpg	img.dc_chars/63.jpg	DHARMA		PRECOGNITION,PSYCHOMETRY,ENERGY MANIPULATION,REALITY WARPING,MANIPULATION
El Diablo	1970	1970	(Rafael Sandoval),Olympic level boxer,athlete,(Chato Santana),Pyrokinesis	5		0	https://en.wikipedia.org/wiki/El_Diablo_(character)	https://upload.wikimedia.org/wikipedia/en/d/d7/El_Diablo_comic_book_cover_%28vol._2_no._16%29.jpg	img.dc_chars/64.jpg	EL DIABLO		(RAFAEL SANDOVAL),OLYMPIC LEVEL BOXER,ATHLETE,(CHATO SANTANA),PYROKINESIS
Dingbats of Danger Street	1975	1970		0		0	https://en.wikipedia.org/wiki/Dingbats_of_Danger_Street	https://upload.wikimedia.org/wikipedia/en/thumb/5/51/Dingbatsdcu0.jpg/250px-Dingbatsdcu0.jpg	img.dc_chars/65.jpg	DINGBATS OF DANGER STREET		
Doctor Fate	1940	1940	Mystical alteration which grants peak physical and mental abilities, limited invulnerability, an extended life-span, telekinesis, and acute supernatural knowledge.,Mastery of magic; access to mystical artifacts associated bolsters his magical abilities to higher levels.,Genius-level intellect.,Skilled archaeologist.,Expert physician in some continuities.,Proficiency in jujutsu.	6	Nabu,Shat-Ru,Doctor Fate (Inza Cramer),Doctor Fate (Khalid Nassour),Salem the Witch Girl	5	https://en.wikipedia.org/wiki/Doctor_Fate	https://upload.wikimedia.org/wikipedia/en/thumb/f/f7/Doctor_Fate.jpg/250px-Doctor_Fate.jpg	img.dc_chars/66.jpg	DOCTOR FATE	NABU,SHAT-RU,DOCTOR FATE (INZA CRAMER),DOCTOR FATE (KHALID NASSOUR),SALEM THE WITCH GIRL	MYSTICAL ALTERATION WHICH GRANTS PEAK PHYSICAL AND MENTAL ABILITIES, LIMITED INVULNERABILITY, AN EXTENDED LIFE-SPAN, TELEKINESIS, AND ACUTE SUPERNATURAL KNOWLEDGE.,MASTERY OF MAGIC; ACCESS TO MYSTICAL ARTIFACTS ASSOCIATED BOLSTERS HIS MAGICAL ABILITIES TO HIGHER LEVELS.,GENIUS-LEVEL INTELLECT.,SKILLED ARCHAEOLOGIST.,EXPERT PHYSICIAN IN SOME CONTINUITIES.,PROFICIENCY IN JUJUTSU.
Donna Troy	1965	1960	"Superhuman strength, speed, reflexes, senses, durability, stamina and longevity
Accelerated healing factor
Flight
Divine empowerment
Psychically linked to Wonder Woman
Ability to flawlessly mimic any voice she knows or hears
Cold and Darkness Manipulation
Force Field Creation
Magic
(Controls several forms and variations of magic)
Immortality
Expert hand-to-hand combatant and martial artist
Use of Lasso of Persuasion, indestructible bracelets, sword and shield,Superhuman strength, speed, reflexes, senses, durability, stamina and longevity,Accelerated healing factor,Flight,Divine empowerment,Psychically linked to Wonder Woman,Ability to flawlessly mimic any voice she knows or hears,Cold and Darkness Manipulation,Force Field Creation,Magic,Immortality,Expert hand-to-hand combatant and martial artist,Use of Lasso of Persuasion, indestructible bracelets, sword and shield"	13	Wonder Woman,Starfire,Bumblebee,Omen (Lilith Clay)	4	https://en.wikipedia.org/wiki/Donna_Troy	https://upload.wikimedia.org/wikipedia/en/thumb/3/38/Donna_Troy.png/250px-Donna_Troy.png	img.dc_chars/67.png	DONNA TROY	WONDER WOMAN,STARFIRE,BUMBLEBEE,OMEN (LILITH CLAY)	"SUPERHUMAN STRENGTH, SPEED, REFLEXES, SENSES, DURABILITY, STAMINA AND LONGEVITY
ACCELERATED HEALING FACTOR
FLIGHT
DIVINE EMPOWERMENT
PSYCHICALLY LINKED TO WONDER WOMAN
ABILITY TO FLAWLESSLY MIMIC ANY VOICE SHE KNOWS OR HEARS
COLD AND DARKNESS MANIPULATION
FORCE FIELD CREATION
MAGIC
(CONTROLS SEVERAL FORMS AND VARIATIONS OF MAGIC)
IMMORTALITY
EXPERT HAND-TO-HAND COMBATANT AND MARTIAL ARTIST
USE OF LASSO OF PERSUASION, INDESTRUCTIBLE BRACELETS, SWORD AND SHIELD,SUPERHUMAN STRENGTH, SPEED, REFLEXES, SENSES, DURABILITY, STAMINA AND LONGEVITY,ACCELERATED HEALING FACTOR,FLIGHT,DIVINE EMPOWERMENT,PSYCHICALLY LINKED TO WONDER WOMAN,ABILITY TO FLAWLESSLY MIMIC ANY VOICE SHE KNOWS OR HEARS,COLD AND DARKNESS MANIPULATION,FORCE FIELD CREATION,MAGIC,IMMORTALITY,EXPERT HAND-TO-HAND COMBATANT AND MARTIAL ARTIST,USE OF LASSO OF PERSUASION, INDESTRUCTIBLE BRACELETS, SWORD AND SHIELD"
Lois Lane	1938	1930	SuperwomanHeat vision, X-ray vision, Freeze breath, Invulnerability, Flight, Superhuman strength, Speed and Hearing,Red TornadoAir manipulation and Durability	2	Clark Kent,Jimmy Olsen	2	https://en.wikipedia.org/wiki/Lois_Lane	https://upload.wikimedia.org/wikipedia/en/thumb/a/a4/LoisLane-1.png/250px-LoisLane-1.png	img.dc_chars/68.png	LOIS LANE	CLARK KENT,JIMMY OLSEN	SUPERWOMANHEAT VISION, X-RAY VISION, FREEZE BREATH, INVULNERABILITY, FLIGHT, SUPERHUMAN STRENGTH, SPEED AND HEARING,RED TORNADOAIR MANIPULATION AND DURABILITY
Lucy Lane	1959	1950	As Superwoman,Superhuman strength,Invulnerability,Flight,Freeze breath,Heat vision,healing factor	7		0	https://en.wikipedia.org/wiki/Lucy_Lane	https://upload.wikimedia.org/wikipedia/en/thumb/4/43/Lucy_Lane_%28circa_2012%29.png/250px-Lucy_Lane_%28circa_2012%29.png	img.dc_chars/69.png	LUCY LANE		AS SUPERWOMAN,SUPERHUMAN STRENGTH,INVULNERABILITY,FLIGHT,FREEZE BREATH,HEAT VISION,HEALING FACTOR
Lightning	1996	1990	Electric generation and manipulation,Flight,Plasmakinesis,Photokinesis,Electric detection	5		0	https://en.wikipedia.org/wiki/Lightning_(DC_Comics)	https://upload.wikimedia.org/wikipedia/en/thumb/c/c7/Lightning_%28Jennifer_Pierce%29.png/250px-Lightning_%28Jennifer_Pierce%29.png	img.dc_chars/70.png	LIGHTNING		ELECTRIC GENERATION AND MANIPULATION,FLIGHT,PLASMAKINESIS,PHOTOKINESIS,ELECTRIC DETECTION
Lobo	1983	1980	Superhuman strength, stamina, reflexes and senses.,Expert marksman and hand-to-hand combatant,Regeneration,Immortality,Invulnerability,Genius level intellect,Cloning (formerly)	7		0	https://en.wikipedia.org/wiki/Lobo_(DC_Comics)	https://upload.wikimedia.org/wikipedia/en/thumb/3/35/Lobo_and_dawg_by_simon_bisley_1991.png/250px-Lobo_and_dawg_by_simon_bisley_1991.png	img.dc_chars/71.png	LOBO		SUPERHUMAN STRENGTH, STAMINA, REFLEXES AND SENSES.,EXPERT MARKSMAN AND HAND-TO-HAND COMBATANT,REGENERATION,IMMORTALITY,INVULNERABILITY,GENIUS LEVEL INTELLECT,CLONING (FORMERLY)
Madame Zodiac	1978	1970	Can foresee people's futures,as well as,sense/interpret magical forces	3		0	https://en.wikipedia.org/wiki/Madame_Zodiac	https://upload.wikimedia.org/wikipedia/en/thumb/f/f9/Madamezodiacdcu0.jpg/250px-Madamezodiacdcu0.jpg	img.dc_chars/72.jpg	MADAME ZODIAC		CAN FORESEE PEOPLE'S FUTURES,AS WELL AS,SENSE/INTERPRET MAGICAL FORCES
Magog	1996	1990	Enhanced strength, stamina, durability, and vision,Energy blasts,Flight,Teleportation,Weapon proficiency	5		0	https://en.wikipedia.org/wiki/Magog_(DC_Comics)	https://upload.wikimedia.org/wikipedia/en/c/cc/Magog_%28DC_Comics_character%29.jpg	img.dc_chars/73.jpg	MAGOG		ENHANCED STRENGTH, STAMINA, DURABILITY, AND VISION,ENERGY BLASTS,FLIGHT,TELEPORTATION,WEAPON PROFICIENCY
Major Bummer	2020	2020		0		0	https://en.wikipedia.org/wiki/Major_Bummer	https://upload.wikimedia.org/wikipedia/en/3/3c/Majorbummer11.jpg	img.dc_chars/74.jpg	MAJOR BUMMER		
The Manhattan Guardian	2005	2000	Skilled hand to hand combatant,Excellent physical condition,Carries a golden helmet,shield	4		0	https://en.wikipedia.org/wiki/Manhattan_Guardian	https://upload.wikimedia.org/wikipedia/en/thumb/f/f3/Manhattan_guardian.jpg/250px-Manhattan_guardian.jpg	img.dc_chars/75.jpg	THE MANHATTAN GUARDIAN		SKILLED HAND TO HAND COMBATANT,EXCELLENT PHYSICAL CONDITION,CARRIES A GOLDEN HELMET,SHIELD
Manhunter	1941	1940		0		0	https://en.wikipedia.org/wiki/Manhunter_(comics)	https://upload.wikimedia.org/wikipedia/en/thumb/5/5f/Secretorigins_manhunters.jpg/250px-Secretorigins_manhunters.jpg	img.dc_chars/76.jpg	MANHUNTER		
Manhunter	1975	1970		0		0	https://en.wikipedia.org/wiki/Manhunter_(Mark_Shaw)	https://upload.wikimedia.org/wikipedia/en/thumb/6/63/Manhunter_markshaw.jpg/250px-Manhunter_markshaw.jpg	img.dc_chars/77.jpg	MANHUNTER		
Manhunter	1941	1940		0		0	https://en.wikipedia.org/wiki/Manhunter_(Paul_Kirk)	https://upload.wikimedia.org/wikipedia/en/thumb/e/e1/Manhunter_paulkirk.jpg/250px-Manhunter_paulkirk.jpg	img.dc_chars/78.jpg	MANHUNTER		
Más y Menos	2006	2000	Superhuman speed	1		0	https://en.wikipedia.org/wiki/M%C3%A1s_y_Menos	https://upload.wikimedia.org/wikipedia/en/thumb/f/f1/M%C3%A1s_y_Menos.jpg/250px-M%C3%A1s_y_Menos.jpg	img.dc_chars/79.jpg	MÁS Y MENOS		SUPERHUMAN SPEED
Maxi-Man	1989	1980	(both)  Superstrength,superspeed,superhuman endurance	3		0	https://en.wikipedia.org/wiki/Maxi-Man	https://upload.wikimedia.org/wikipedia/en/thumb/a/ab/Mister_miracle_vol_2_9.jpg/250px-Mister_miracle_vol_2_9.jpg	img.dc_chars/80.jpg	MAXI-MAN		(BOTH)  SUPERSTRENGTH,SUPERSPEED,SUPERHUMAN ENDURANCE
Maxima	1989	1980	Superhuman strength, endurance, and speed,Invulnerability,Flight,Psychokinesis,Psychic bolts,Illusion casting,Mind control,Empathy,Telepathy,Teleportation,Telekinesis,Ferrokinesis,Ergokinesis,Hypnosis,Interstellar travel,Matter transmutation,Optic blasts,Force field generation	18		0	https://en.wikipedia.org/wiki/Maxima_(DC_Comics)	https://upload.wikimedia.org/wikipedia/en/5/50/Maxima_%28DC_Comics_character_1990s%29.png	img.dc_chars/81.png	MAXIMA		SUPERHUMAN STRENGTH, ENDURANCE, AND SPEED,INVULNERABILITY,FLIGHT,PSYCHOKINESIS,PSYCHIC BOLTS,ILLUSION CASTING,MIND CONTROL,EMPATHY,TELEPATHY,TELEPORTATION,TELEKINESIS,FERROKINESIS,ERGOKINESIS,HYPNOSIS,INTERSTELLAR TRAVEL,MATTER TRANSMUTATION,OPTIC BLASTS,FORCE FIELD GENERATION
'Mazing Man	1986	1980		0		0	https://en.wikipedia.org/wiki/%27Mazing_Man	https://upload.wikimedia.org/wikipedia/en/thumb/0/05/%27Mazing_Man_no1_cover.jpg/250px-%27Mazing_Man_no1_cover.jpg	img.dc_chars/82.jpg	'MAZING MAN		
Flex Mentallo	1990	1990	Flexing muscles can alter reality	1		0	https://en.wikipedia.org/wiki/Flex_Mentallo	https://upload.wikimedia.org/wikipedia/en/6/66/Flex_Mentallo_Issue_1.jpg	img.dc_chars/83.jpg	FLEX MENTALLO		FLEXING MUSCLES CAN ALTER REALITY
Mento	1964	1960	Empathic burst,Empathic projection,Lie detection,Thought projection,Memory manipulation,Limited mind control,Mind reading,Telekinetic shield,Telekinetic force manipulation,Clairvoyance,Clairaudience,Psychometry,Precognition,Enhanced intuition,Danger intuition	15		0	https://en.wikipedia.org/wiki/Mento_(character)	https://upload.wikimedia.org/wikipedia/en/thumb/7/79/Mento2.jpg/237px-Mento2.jpg	img.dc_chars/84.jpg	MENTO		EMPATHIC BURST,EMPATHIC PROJECTION,LIE DETECTION,THOUGHT PROJECTION,MEMORY MANIPULATION,LIMITED MIND CONTROL,MIND READING,TELEKINETIC SHIELD,TELEKINETIC FORCE MANIPULATION,CLAIRVOYANCE,CLAIRAUDIENCE,PSYCHOMETRY,PRECOGNITION,ENHANCED INTUITION,DANGER INTUITION
Mera	1963	1960	Xebellian physiology grants her abilities including breathing underwater, superhuman strength, superhuman durability, enhanced senses, able to swim at extreme speed, and hydrokinesis,Expert hand-to-hand combatant and martial artist specializing in Atlantean-related combat disciplines, proficiency in politics, and a genius-level intellect.	2	Aquaman,Ocean Master,Wonder Woman	3	https://en.wikipedia.org/wiki/Mera_(character)	https://upload.wikimedia.org/wikipedia/en/thumb/b/be/Mera_%28DC_Comics_character%29.jpg/250px-Mera_%28DC_Comics_character%29.jpg	img.dc_chars/85.jpg	MERA	AQUAMAN,OCEAN MASTER,WONDER WOMAN	XEBELLIAN PHYSIOLOGY GRANTS HER ABILITIES INCLUDING BREATHING UNDERWATER, SUPERHUMAN STRENGTH, SUPERHUMAN DURABILITY, ENHANCED SENSES, ABLE TO SWIM AT EXTREME SPEED, AND HYDROKINESIS,EXPERT HAND-TO-HAND COMBATANT AND MARTIAL ARTIST SPECIALIZING IN ATLANTEAN-RELATED COMBAT DISCIPLINES, PROFICIENCY IN POLITICS, AND A GENIUS-LEVEL INTELLECT.
Merlin	1940	1940	Magic manipulation via magic cloak	1		0	https://en.wikipedia.org/wiki/Merlin_the_Magician_(character)	https://None	N/A	MERLIN		MAGIC MANIPULATION VIA MAGIC CLOAK
Tommy Merlyn	2012	2010	Master  archer,Expert  marksman	2		0	https://en.wikipedia.org/wiki/Tommy_Merlyn	https://upload.wikimedia.org/wikipedia/en/thumb/0/02/Tommy_Merlyn_%28New_52_version%29.jpg/250px-Tommy_Merlyn_%28New_52_version%29.jpg	img.dc_chars/87.jpg	TOMMY MERLYN		MASTER  ARCHER,EXPERT  MARKSMAN
Merry Pemberton	1948	1940	Carried various devices,gimmicks within her costume	2		0	https://en.wikipedia.org/wiki/Merry_Pemberton	https://upload.wikimedia.org/wikipedia/en/7/70/Merry_Pemberton.jpg	img.dc_chars/88.jpg	MERRY PEMBERTON		CARRIED VARIOUS DEVICES,GIMMICKS WITHIN HER COSTUME
Metamorpho	1965	1960	Elemental transmutation,Superhuman strength and durability,Hyperelasticity,Immortality	4		0	https://en.wikipedia.org/wiki/Metamorpho	https://upload.wikimedia.org/wikipedia/en/4/45/Metamorpho_%28DC_Comics_character%29.png	img.dc_chars/89.png	METAMORPHO		ELEMENTAL TRANSMUTATION,SUPERHUMAN STRENGTH AND DURABILITY,HYPERELASTICITY,IMMORTALITY
Azrael	2007	2000	"Advanced military and police training, granting him excellent unarmed combat skills, tactician skills, and is a skilled swordsman.,Suit of Sorrows; mystical armor that affords him enhanced speed, strength, and stamina but at the potential cost of his sanity. Also wields the mystical Sword of Sin and Salvation, the former attacking the target's mind over actions they harbor guilt over and the latter attacking the target's mind over certain ""truths""."	2		0	https://en.wikipedia.org/wiki/Michael_Lane_(character)	https://upload.wikimedia.org/wikipedia/en/thumb/1/1e/Michael_Lane_%28Azrael%29.jpg/250px-Michael_Lane_%28Azrael%29.jpg	img.dc_chars/90.jpg	AZRAEL		"ADVANCED MILITARY AND POLICE TRAINING, GRANTING HIM EXCELLENT UNARMED COMBAT SKILLS, TACTICIAN SKILLS, AND IS A SKILLED SWORDSMAN.,SUIT OF SORROWS; MYSTICAL ARMOR THAT AFFORDS HIM ENHANCED SPEED, STRENGTH, AND STAMINA BUT AT THE POTENTIAL COST OF HIS SANITY. ALSO WIELDS THE MYSTICAL SWORD OF SIN AND SALVATION, THE FORMER ATTACKING THE TARGET'S MIND OVER ACTIONS THEY HARBOR GUILT OVER AND THE LATTER ATTACKING THE TARGET'S MIND OVER CERTAIN ""TRUTHS""."
Midnight	1941	1940	Hand Gun,Expert fighter	2		0	https://en.wikipedia.org/wiki/Midnight_(DC_Comics)	https://upload.wikimedia.org/wikipedia/commons/thumb/6/6d/SmashComicsNumber43.jpg/250px-SmashComicsNumber43.jpg	img.dc_chars/91.jpg	MIDNIGHT		HAND GUN,EXPERT FIGHTER
Midnighter	1998	1990	Enhanced physical attributes,Temporary pain suppression,Auxiliary heart,Neurotactical wetware,Master combatant,Multilingualism,Stealth,Weapon expertise,Skilled tactician	9	Apollo	1	https://en.wikipedia.org/wiki/Midnighter	https://upload.wikimedia.org/wikipedia/en/thumb/0/0d/Midnighter_-_2016.jpg/250px-Midnighter_-_2016.jpg	img.dc_chars/92.jpg	MIDNIGHTER	APOLLO	ENHANCED PHYSICAL ATTRIBUTES,TEMPORARY PAIN SUPPRESSION,AUXILIARY HEART,NEUROTACTICAL WETWARE,MASTER COMBATANT,MULTILINGUALISM,STEALTH,WEAPON EXPERTISE,SKILLED TACTICIAN
Minute-Man	1941	1940	Peak human physical condition	1		0	https://en.wikipedia.org/wiki/Minute-Man	https://upload.wikimedia.org/wikipedia/commons/thumb/f/f2/MasterComicsNo16.jpg/250px-MasterComicsNo16.jpg	img.dc_chars/93.jpg	MINUTE-MAN		PEAK HUMAN PHYSICAL CONDITION
Mirage	1982	1980	Illusion generation	1		0	https://en.wikipedia.org/wiki/Mirage_(DC_Comics)	https://upload.wikimedia.org/wikipedia/en/thumb/9/9c/Detective_comics_511.jpg/250px-Detective_comics_511.jpg	img.dc_chars/94.jpg	MIRAGE		ILLUSION GENERATION
Miss America	1941	1940	Molecular transmutation,Flight,Immortality,Superhuman strength, durability, and speed,Psychokinesis,Teleportation,Extended longevity	7		0	https://en.wikipedia.org/wiki/Miss_America_(DC_Comics)	https://upload.wikimedia.org/wikipedia/en/thumb/1/14/DC_Miss_America.jpg/185px-DC_Miss_America.jpg	img.dc_chars/95.jpg	MISS AMERICA		MOLECULAR TRANSMUTATION,FLIGHT,IMMORTALITY,SUPERHUMAN STRENGTH, DURABILITY, AND SPEED,PSYCHOKINESIS,TELEPORTATION,EXTENDED LONGEVITY
Miss X	1940	1940		0		0	https://en.wikipedia.org/wiki/Miss_X_(character)	https://None	N/A	MISS X		
Mr. America	2007	2000	Possesses two explosive  whips,Maximum physical condition,Skilled  detective,hand to hand combatant	4	All-American Kid	1	https://en.wikipedia.org/wiki/Mister_America_(Jeffrey_Graves)	https://upload.wikimedia.org/wikipedia/en/2/27/Mr._AmericaJSA.jpg	img.dc_chars/97.jpg	MR. AMERICA	ALL-AMERICAN KID	POSSESSES TWO EXPLOSIVE  WHIPS,MAXIMUM PHYSICAL CONDITION,SKILLED  DETECTIVE,HAND TO HAND COMBATANT
Mister Terrific	1942	1940		0		0	https://en.wikipedia.org/wiki/Mister_Terrific_(character)	https://upload.wikimedia.org/wikipedia/en/thumb/8/82/Mister_Terrifics.jpg/250px-Mister_Terrifics.jpg	img.dc_chars/98.jpg	MISTER TERRIFIC		
Mister Terrific	1942	1940	Olympic-level athlete,Master martial artist,Genius-level intellect,Photographic memory	4		0	https://en.wikipedia.org/wiki/Mister_Terrific_(Terry_Sloane)	https://upload.wikimedia.org/wikipedia/en/a/a7/Mister_Terrific_%28Terry_Sloane%29.png	img.dc_chars/99.png	MISTER TERRIFIC		OLYMPIC-LEVEL ATHLETE,MASTER MARTIAL ARTIST,GENIUS-LEVEL INTELLECT,PHOTOGRAPHIC MEMORY
Moby Dick and Mighty Mightor	2020	2020		0		0	https://en.wikipedia.org/wiki/Moby_Dick_and_Mighty_Mightor	https://upload.wikimedia.org/wikipedia/en/thumb/9/97/MobyDickAndMightyMightor.jpg/250px-MobyDickAndMightyMightor.jpg	img.dc_chars/100.jpg	MOBY DICK AND MIGHTY MIGHTOR		
Mogo the Living Planet	1985	1980		0		0	https://en.wikipedia.org/wiki/Mogo	https://upload.wikimedia.org/wikipedia/en/thumb/5/51/Mogo_%28DC_Comics%29.jpg/250px-Mogo_%28DC_Comics%29.jpg	img.dc_chars/101.jpg	MOGO THE LIVING PLANET		
Mother Panic	2016	2010	Cybernetic enhancement,Superhuman strength	2	Batman	1	https://en.wikipedia.org/wiki/Mother_Panic	https://upload.wikimedia.org/wikipedia/en/4/4d/Mother_Panic_8.jpg	img.dc_chars/102.jpg	MOTHER PANIC	BATMAN	CYBERNETIC ENHANCEMENT,SUPERHUMAN STRENGTH
Brian Butler	1940	1940	Olympic level athlete,Keen investigative skills,Use of utility belt	3		0	https://en.wikipedia.org/wiki/Mr._Scarlet_and_Pinky_the_Whiz_Kid	https://upload.wikimedia.org/wikipedia/commons/thumb/e/ec/WowComicsNo2.png/250px-WowComicsNo2.png	img.dc_chars/103.png	BRIAN BUTLER		OLYMPIC LEVEL ATHLETE,KEEN INVESTIGATIVE SKILLS,USE OF UTILITY BELT
El Muerto	2000	2000	Highly skilled fighter,Superhuman durability	2	Acrata	1	https://en.wikipedia.org/wiki/El_Muerto_(DC_Comics)	https://upload.wikimedia.org/wikipedia/en/thumb/6/6b/Acratadcu0.jpg/250px-Acratadcu0.jpg	img.dc_chars/104.jpg	EL MUERTO	ACRATA	HIGHLY SKILLED FIGHTER,SUPERHUMAN DURABILITY
Nemesis	1980	1980	Master of disguise,uses disposable masks made of a fine,highly malleable material which could be instantly dissolved with a special spray in his collar	3		0	https://en.wikipedia.org/wiki/Nemesis_(DC_Comics)	https://upload.wikimedia.org/wikipedia/en/3/32/Nemesis_%28Tresser%29.jpg	img.dc_chars/105.jpg	NEMESIS		MASTER OF DISGUISE,USES DISPOSABLE MASKS MADE OF A FINE,HIGHLY MALLEABLE MATERIAL WHICH COULD BE INSTANTLY DISSOLVED WITH A SPECIAL SPRAY IN HIS COLLAR
Neron	1995	1990	Vast reality manipulation,Hellfire manipulation,Spatial manipulation,Necromancy,Telepathy,Telekinesis,Teleportation,Chronokinesis,Dimensional travel,Shapeshifting,Size alteration,Power bestowal,Mastery of maleficium	13		0	https://en.wikipedia.org/wiki/Neron_(character)	https://upload.wikimedia.org/wikipedia/en/thumb/1/1e/Neron_%28DC_Comics%29.png/228px-Neron_%28DC_Comics%29.png	img.dc_chars/106.png	NERON		VAST REALITY MANIPULATION,HELLFIRE MANIPULATION,SPATIAL MANIPULATION,NECROMANCY,TELEPATHY,TELEKINESIS,TELEPORTATION,CHRONOKINESIS,DIMENSIONAL TRAVEL,SHAPESHIFTING,SIZE ALTERATION,POWER BESTOWAL,MASTERY OF MALEFICIUM
Nightmaster	1969	1960	Possesses magic sword that warns of danger,compels truth,retards aging,as well as magic armor	4		0	https://en.wikipedia.org/wiki/Nightmaster	https://upload.wikimedia.org/wikipedia/en/thumb/6/68/Nightmaster_DC_Preview_Showcase_82.jpg/250px-Nightmaster_DC_Preview_Showcase_82.jpg	img.dc_chars/107.jpg	NIGHTMASTER		POSSESSES MAGIC SWORD THAT WARNS OF DANGER,COMPELS TRUTH,RETARDS AGING,AS WELL AS MAGIC ARMOR
Nightrider	1991	1990	Vampiric physiology	1		0	https://en.wikipedia.org/wiki/Nightrider_(DC_Comics)	https://upload.wikimedia.org/wikipedia/en/c/c3/Dagon.png	img.dc_chars/108.png	NIGHTRIDER		VAMPIRIC PHYSIOLOGY
Nubia	1973	1970	"Super strength, speed, agility, reflexes, senses, stamina, durability, and endurance,Superior hand-to-hand combatant,Magical weaponry, including a magical sword and armor,Paralyzing ""Cold Sight"",Possesses the ability to open dimensional portals via lion armor,Possesses the ability to relieve her body of physical injury and toxins by becoming one with the Earth's soil and then reforming her body whole again,Immortality"	7		0	https://en.wikipedia.org/wiki/Nubia_(DC_Comics)	https://upload.wikimedia.org/wikipedia/en/thumb/6/64/Scan_of_the_cover_of_Nubia_%26_the_Amazons_1%2C_published_by_DC_Comics_October_2021%2C_art_by_Alitha_Martinez_%26_Laura_Martin.jpg/250px-Scan_of_the_cover_of_Nubia_%26_the_Amazons_1%2C_published_by_DC_Comics_October_2021%2C_art_by_Alitha_Martinez_%26_Laura_Martin.jpg	img.dc_chars/109.jpg	NUBIA		"SUPER STRENGTH, SPEED, AGILITY, REFLEXES, SENSES, STAMINA, DURABILITY, AND ENDURANCE,SUPERIOR HAND-TO-HAND COMBATANT,MAGICAL WEAPONRY, INCLUDING A MAGICAL SWORD AND ARMOR,PARALYZING ""COLD SIGHT"",POSSESSES THE ABILITY TO OPEN DIMENSIONAL PORTALS VIA LION ARMOR,POSSESSES THE ABILITY TO RELIEVE HER BODY OF PHYSICAL INJURY AND TOXINS BY BECOMING ONE WITH THE EARTH'S SOIL AND THEN REFORMING HER BODY WHOLE AGAIN,IMMORTALITY"
Dr. Victoria October	2017	2010	World's foremost expert on human bioweaponry	1		0	https://en.wikipedia.org/wiki/Victoria_October	https://upload.wikimedia.org/wikipedia/en/thumb/f/f0/Victoria_october_-_detective_comics.jpg/250px-Victoria_october_-_detective_comics.jpg	img.dc_chars/110.jpg	DR. VICTORIA OCTOBER		WORLD'S FOREMOST EXPERT ON HUMAN BIOWEAPONRY
Orpheus	2001	2000	Expert martial artist,Camouflage in shadows (via suit)	2		0	https://en.wikipedia.org/wiki/Orpheus_(DC_Comics)	https://upload.wikimedia.org/wikipedia/en/thumb/b/bf/Orpheus2.png/250px-Orpheus2.png	img.dc_chars/111.png	ORPHEUS		EXPERT MARTIAL ARTIST,CAMOUFLAGE IN SHADOWS (VIA SUIT)
Pandora Pann	1981	1980	Trained  archaeologist	1		0	https://en.wikipedia.org/wiki/Pandora_Pann	https://upload.wikimedia.org/wikipedia/en/thumb/b/b1/Pandorapanndcu0.jpg/250px-Pandorapanndcu0.jpg	img.dc_chars/112.jpg	PANDORA PANN		TRAINED  ARCHAEOLOGIST
Sylvester Pemberton	1941	1940	Superb athlete,Hand to hand combatant,Cosmic converter belt	3	Pat Dugan	1	https://en.wikipedia.org/wiki/Sylvester_Pemberton	https://upload.wikimedia.org/wikipedia/en/thumb/8/81/The_Star-Spangled_Kid_%28Sylvester_Pemberton%29.png/250px-The_Star-Spangled_Kid_%28Sylvester_Pemberton%29.png	img.dc_chars/113.png	SYLVESTER PEMBERTON	PAT DUGAN	SUPERB ATHLETE,HAND TO HAND COMBATANT,COSMIC CONVERTER BELT
Philippus of Themyscira	1987	1980	Trained in high levels of hand-to-hand combat,Expertise in a wide array of weapons,Immortality,Accelerated healing,Limited super-strength,Limited durability,Enhanced reflexes/agility	7		0	https://en.wikipedia.org/wiki/Philippus_(character)	https://upload.wikimedia.org/wikipedia/en/thumb/1/14/Philippus.jpg/250px-Philippus.jpg	img.dc_chars/114.jpg	PHILIPPUS OF THEMYSCIRA		TRAINED IN HIGH LEVELS OF HAND-TO-HAND COMBAT,EXPERTISE IN A WIDE ARRAY OF WEAPONS,IMMORTALITY,ACCELERATED HEALING,LIMITED SUPER-STRENGTH,LIMITED DURABILITY,ENHANCED REFLEXES/AGILITY
Prez	1973	1970		0		0	https://en.wikipedia.org/wiki/Prez_(character)	https://upload.wikimedia.org/wikipedia/en/thumb/8/86/Prez_1_1973.jpg/250px-Prez_1_1973.jpg	img.dc_chars/115.jpg	PREZ		
Oliver Queen	2012	2010		0		0	https://en.wikipedia.org/wiki/Oliver_Queen_(Arrowverse)	https://upload.wikimedia.org/wikipedia/en/5/5f/Arrow_%28Stephen_Amell%29.jpg	img.dc_chars/116.jpg	OLIVER QUEEN		
Thea Queen	2012	2010		0		0	https://en.wikipedia.org/wiki/Thea_Queen	https://upload.wikimedia.org/wikipedia/en/thumb/9/91/Thea_Arrow.png/250px-Thea_Arrow.png	img.dc_chars/117.png	THEA QUEEN		
The Question	1967	1960	Use of pseudoderm mask,Genius-level intelligence,Master detective and journalist,Skilled martial artist, stealth and hand-to-hand combatant,Mystical powers derived from zen buddhism and urban shamanism	5		0	https://en.wikipedia.org/wiki/Question_(character)	https://upload.wikimedia.org/wikipedia/en/4/47/Question_%28Vic_Sage%29.jpg	img.dc_chars/118.jpg	THE QUESTION		USE OF PSEUDODERM MASK,GENIUS-LEVEL INTELLIGENCE,MASTER DETECTIVE AND JOURNALIST,SKILLED MARTIAL ARTIST, STEALTH AND HAND-TO-HAND COMBATANT,MYSTICAL POWERS DERIVED FROM ZEN BUDDHISM AND URBAN SHAMANISM
Ragman	1976	1970	Enhanced physical attributes,Enchanted costume,Limited flight,Skilled in the use of magic	4		0	https://en.wikipedia.org/wiki/Ragman_(character)	https://upload.wikimedia.org/wikipedia/en/b/b4/Ragman_%28DC_Comics_character%29.jpg	img.dc_chars/119.jpg	RAGMAN		ENHANCED PHYSICAL ATTRIBUTES,ENCHANTED COSTUME,LIMITED FLIGHT,SKILLED IN THE USE OF MAGIC
Rainbow Girl	1963	1960	Emotional spectrum manipulation	1		0	https://en.wikipedia.org/wiki/Rainbow_Girl	https://upload.wikimedia.org/wikipedia/en/thumb/7/74/Rainbowgirllegion.jpg/250px-Rainbowgirllegion.jpg	img.dc_chars/120.jpg	RAINBOW GIRL		EMOTIONAL SPECTRUM MANIPULATION
Ravager	1980	1980	(Grant),Enhanced strength,reflexes	3		0	https://en.wikipedia.org/wiki/Ravager_(DC_Comics)	https://upload.wikimedia.org/wikipedia/en/thumb/7/70/Tt2ravager.PNG/250px-Tt2ravager.PNG	img.dc_chars/121.PNG	RAVAGER		(GRANT),ENHANCED STRENGTH,REFLEXES
Kyle Rayner	1994	1990	"Skilled and creative artist,Use of power ring grants:
Flight
Force-field generation
Generation of hard-light constructs
Energy blasts
Real-time translation of all languages
Enhanced strength, speed, and durability
Space travel
Limited cellular regeneration,Flight,Force-field generation,Generation of hard-light constructs,Energy blasts,Real-time translation of all languages,Enhanced strength, speed, and durability,Space travel,Limited cellular regeneration,Red Lantern energy grants:
Blood absorption
Napalm plasma breath
Rage infection,Blood absorption,Napalm plasma breath,Rage infection,Orange Lantern energy grants:
Energy siphoning
Soul manipulation,Energy siphoning,Soul manipulation,Yellow Lantern energy grants:
Fear empowerment and manipulation,Fear empowerment and manipulation,Blue Lantern energy grants:
Regenerative healing
Possession nullification
Emotional purification
Rage nullification,Regenerative healing,Possession nullification,Emotional purification,Rage nullification,Indigo Lantern energy grants:
Portal creation
Empathy manipulation,Portal creation,Empathy manipulation,Sapphire Lantern energy grants:
Crystal creation
Mind control,Crystal creation,Mind control,As White Lantern:
Control over life
Possession of all Lantern abilities
Resurrection
Clairvoyance
Astral communication,Control over life,Possession of all Lantern abilities,Resurrection,Clairvoyance,Astral communication"	36	Hal Jordan,Guy Gardner,John Stewart,Jade,Kilowog,Green Arrow/Connor Hawke,The Flash/Wally West,Donna Troy,Soranik Natu	9	https://en.wikipedia.org/wiki/Kyle_Rayner	https://upload.wikimedia.org/wikipedia/en/thumb/d/d8/Green_Lantern_%28Kyle_Rayner%29.png/250px-Green_Lantern_%28Kyle_Rayner%29.png	img.dc_chars/122.png	KYLE RAYNER	HAL JORDAN,GUY GARDNER,JOHN STEWART,JADE,KILOWOG,GREEN ARROW/CONNOR HAWKE,THE FLASH/WALLY WEST,DONNA TROY,SORANIK NATU	"SKILLED AND CREATIVE ARTIST,USE OF POWER RING GRANTS:
FLIGHT
FORCE-FIELD GENERATION
GENERATION OF HARD-LIGHT CONSTRUCTS
ENERGY BLASTS
REAL-TIME TRANSLATION OF ALL LANGUAGES
ENHANCED STRENGTH, SPEED, AND DURABILITY
SPACE TRAVEL
LIMITED CELLULAR REGENERATION,FLIGHT,FORCE-FIELD GENERATION,GENERATION OF HARD-LIGHT CONSTRUCTS,ENERGY BLASTS,REAL-TIME TRANSLATION OF ALL LANGUAGES,ENHANCED STRENGTH, SPEED, AND DURABILITY,SPACE TRAVEL,LIMITED CELLULAR REGENERATION,RED LANTERN ENERGY GRANTS:
BLOOD ABSORPTION
NAPALM PLASMA BREATH
RAGE INFECTION,BLOOD ABSORPTION,NAPALM PLASMA BREATH,RAGE INFECTION,ORANGE LANTERN ENERGY GRANTS:
ENERGY SIPHONING
SOUL MANIPULATION,ENERGY SIPHONING,SOUL MANIPULATION,YELLOW LANTERN ENERGY GRANTS:
FEAR EMPOWERMENT AND MANIPULATION,FEAR EMPOWERMENT AND MANIPULATION,BLUE LANTERN ENERGY GRANTS:
REGENERATIVE HEALING
POSSESSION NULLIFICATION
EMOTIONAL PURIFICATION
RAGE NULLIFICATION,REGENERATIVE HEALING,POSSESSION NULLIFICATION,EMOTIONAL PURIFICATION,RAGE NULLIFICATION,INDIGO LANTERN ENERGY GRANTS:
PORTAL CREATION
EMPATHY MANIPULATION,PORTAL CREATION,EMPATHY MANIPULATION,SAPPHIRE LANTERN ENERGY GRANTS:
CRYSTAL CREATION
MIND CONTROL,CRYSTAL CREATION,MIND CONTROL,AS WHITE LANTERN:
CONTROL OVER LIFE
POSSESSION OF ALL LANTERN ABILITIES
RESURRECTION
CLAIRVOYANCE
ASTRAL COMMUNICATION,CONTROL OVER LIFE,POSSESSION OF ALL LANTERN ABILITIES,RESURRECTION,CLAIRVOYANCE,ASTRAL COMMUNICATION"
Red Tornado	1960	1960	Superhuman strength, durability, and intellect,Enhanced senses,Aerokinesis and wind manipulation,Flight, invisibility, and deflection,Force field,Regeneration,Self-sustenance,Metamorphosis,Enhanced computer cracking,Changing from android to human form at will	10		0	https://en.wikipedia.org/wiki/Red_Tornado	https://upload.wikimedia.org/wikipedia/en/7/70/Red_Tornado_%28Ed_Benes%27s_art%29.png	img.dc_chars/123.png	RED TORNADO		SUPERHUMAN STRENGTH, DURABILITY, AND INTELLECT,ENHANCED SENSES,AEROKINESIS AND WIND MANIPULATION,FLIGHT, INVISIBILITY, AND DEFLECTION,FORCE FIELD,REGENERATION,SELF-SUSTENANCE,METAMORPHOSIS,ENHANCED COMPUTER CRACKING,CHANGING FROM ANDROID TO HUMAN FORM AT WILL
Rex Leech	1993	1990		0		0	https://en.wikipedia.org/wiki/Rex_Leech	https://upload.wikimedia.org/wikipedia/en/a/a7/RexLeech.jpg	img.dc_chars/124.jpg	REX LEECH		
Robin Hood	1938	1930	Expert  fencer,archer,tactician	3		0	https://en.wikipedia.org/wiki/Robin_Hood_(DC_Comics)	https://upload.wikimedia.org/wikipedia/en/thumb/0/07/Robinhooddcu0.jpg/250px-Robinhooddcu0.jpg	img.dc_chars/125.jpg	ROBIN HOOD		EXPERT  FENCER,ARCHER,TACTICIAN
Rocket	1993	1990	Expert athlete and acrobat,Skilled hand-to-hand combatant,Superhuman strength,Flight,Kinetic energy manipulation,Force field generation	6	Icon,Static	2	https://en.wikipedia.org/wiki/Rocket_(DC_Comics)	https://upload.wikimedia.org/wikipedia/en/thumb/f/f8/Rocketdcu0.jpg/250px-Rocketdcu0.jpg	img.dc_chars/126.jpg	ROCKET	ICON,STATIC	EXPERT ATHLETE AND ACROBAT,SKILLED HAND-TO-HAND COMBATANT,SUPERHUMAN STRENGTH,FLIGHT,KINETIC ENERGY MANIPULATION,FORCE FIELD GENERATION
Firestorm	1978	1970	"Elemental transmutation,Intangibility,Energy projection and absorption,Flight,,Enhanced strength, endurance, and resilience,""Quark vision"""	7		0	https://en.wikipedia.org/wiki/Ronnie_Raymond	https://upload.wikimedia.org/wikipedia/en/f/f4/Ronald_%27Ronnie%27_Raymond.png	img.dc_chars/127.png	FIRESTORM		"ELEMENTAL TRANSMUTATION,INTANGIBILITY,ENERGY PROJECTION AND ABSORPTION,FLIGHT,,ENHANCED STRENGTH, ENDURANCE, AND RESILIENCE,""QUARK VISION"""
Bluebird	2011	2010	Skilled martial artist and hand-to-hand combatant,Genius-level intellect,Utilizing high-tech equipment and weapons,Expert detective,Expert athlete, acrobat, and marksman,Master strategist and tactician,Skilled computer hacker,Proficient inventor and engineer	8	Batman,Tim Drake,Spoiler,Cassandra Cain,Jason Todd	5	https://en.wikipedia.org/wiki/Harper_Row	https://upload.wikimedia.org/wikipedia/en/6/6b/DC_Comics_Bluebird_Batman_28.png	img.dc_chars/128.png	BLUEBIRD	BATMAN,TIM DRAKE,SPOILER,CASSANDRA CAIN,JASON TODD	SKILLED MARTIAL ARTIST AND HAND-TO-HAND COMBATANT,GENIUS-LEVEL INTELLECT,UTILIZING HIGH-TECH EQUIPMENT AND WEAPONS,EXPERT DETECTIVE,EXPERT ATHLETE, ACROBAT, AND MARKSMAN,MASTER STRATEGIST AND TACTICIAN,SKILLED COMPUTER HACKER,PROFICIENT INVENTOR AND ENGINEER
Saint Walker	2008	2000	Regenerate and heal lost body parts,Generation of hard light constructs,Flight,Force field generation,Rage immunity,Energy blasts,Hope inducement,Energy aura,Energy manipulation,Energy absorption,Universal translator,Interstellar travel (survival at space),Dimensional travel,Holographic playback/protection,Electromagnetic scanning,Nullification of Red Lanterns,Energy draining of Yellow Lanters	17		0	https://en.wikipedia.org/wiki/Saint_Walker	https://upload.wikimedia.org/wikipedia/en/thumb/1/1c/Saint_Walker.png/250px-Saint_Walker.png	img.dc_chars/129.png	SAINT WALKER		REGENERATE AND HEAL LOST BODY PARTS,GENERATION OF HARD LIGHT CONSTRUCTS,FLIGHT,FORCE FIELD GENERATION,RAGE IMMUNITY,ENERGY BLASTS,HOPE INDUCEMENT,ENERGY AURA,ENERGY MANIPULATION,ENERGY ABSORPTION,UNIVERSAL TRANSLATOR,INTERSTELLAR TRAVEL (SURVIVAL AT SPACE),DIMENSIONAL TRAVEL,HOLOGRAPHIC PLAYBACK/PROTECTION,ELECTROMAGNETIC SCANNING,NULLIFICATION OF RED LANTERNS,ENERGY DRAINING OF YELLOW LANTERS
Salaak	1982	1980	Green Lantern Power Ring	1		0	https://en.wikipedia.org/wiki/Salaak	https://upload.wikimedia.org/wikipedia/en/6/6f/Salaak.png	img.dc_chars/130.png	SALAAK		GREEN LANTERN POWER RING
Samson & Goliath	2020	2020		0		0	https://en.wikipedia.org/wiki/Samson_%26_Goliath	https://upload.wikimedia.org/wikipedia/en/thumb/e/e6/Samson_%26_Goliath.JPG/250px-Samson_%26_Goliath.JPG	img.dc_chars/131.JPG	SAMSON & GOLIATH		
Sandman	1939	1930	"Wesley Dodds
Prophetic dreams
Expert hand-to-hand combatant and marksman
Decelerated aging
Use of gas gun
Morpheus
Incarnation of dream and reality
Vast cosmic powers
Magic mastery
Reality manipulation
Nigh-omniscience
Omnipresence
Telepathy
Immortality
Sandy Hawkins
Silicon-based body is elastic and resilient, morphs into sand and emits seismic disruptions
Prophetic dreams
Weapon proficiency
Use of gas gun,Prophetic dreams,Expert hand-to-hand combatant and marksman,Decelerated aging,Use of gas gun,Incarnation of dream and reality,Vast cosmic powers,Magic mastery,Reality manipulation,Nigh-omniscience,Omnipresence,Telepathy,Immortality,Silicon-based body is elastic and resilient, morphs into sand and emits seismic disruptions,Prophetic dreams,Weapon proficiency,Use of gas gun"	17		0	https://en.wikipedia.org/wiki/Sandman_(DC_Comics)	https://upload.wikimedia.org/wikipedia/en/thumb/1/1d/Sandman1-1-.jpg/250px-Sandman1-1-.jpg	img.dc_chars/132.jpg	SANDMAN		"WESLEY DODDS
PROPHETIC DREAMS
EXPERT HAND-TO-HAND COMBATANT AND MARKSMAN
DECELERATED AGING
USE OF GAS GUN
MORPHEUS
INCARNATION OF DREAM AND REALITY
VAST COSMIC POWERS
MAGIC MASTERY
REALITY MANIPULATION
NIGH-OMNISCIENCE
OMNIPRESENCE
TELEPATHY
IMMORTALITY
SANDY HAWKINS
SILICON-BASED BODY IS ELASTIC AND RESILIENT, MORPHS INTO SAND AND EMITS SEISMIC DISRUPTIONS
PROPHETIC DREAMS
WEAPON PROFICIENCY
USE OF GAS GUN,PROPHETIC DREAMS,EXPERT HAND-TO-HAND COMBATANT AND MARKSMAN,DECELERATED AGING,USE OF GAS GUN,INCARNATION OF DREAM AND REALITY,VAST COSMIC POWERS,MAGIC MASTERY,REALITY MANIPULATION,NIGH-OMNISCIENCE,OMNIPRESENCE,TELEPATHY,IMMORTALITY,SILICON-BASED BODY IS ELASTIC AND RESILIENT, MORPHS INTO SAND AND EMITS SEISMIC DISRUPTIONS,PROPHETIC DREAMS,WEAPON PROFICIENCY,USE OF GAS GUN"
Scarab	2020	2020		0		0	https://en.wikipedia.org/wiki/Scarab_(Vertigo)	https://upload.wikimedia.org/wikipedia/en/thumb/e/e2/Scarab_1_cover.jpg/250px-Scarab_1_cover.jpg	img.dc_chars/133.jpg	SCARAB		
Alan Scott	1940	1940	Magical ring  grants a variety of mystical powers such as flight,intangibility,force field creation,the ability to conjure,control magical green constructs,*Immense Superhuman Speed,*Flight,*Force Field,*Invisibility,*Frictionless Aura	10	Doiby Dickles,Jay Garrick,Jade,Obsidian	4	https://en.wikipedia.org/wiki/Alan_Scott	https://upload.wikimedia.org/wikipedia/en/thumb/1/1a/Green_Lantern_%28Alan_Scott%29.png/250px-Green_Lantern_%28Alan_Scott%29.png	img.dc_chars/134.png	ALAN SCOTT	DOIBY DICKLES,JAY GARRICK,JADE,OBSIDIAN	MAGICAL RING  GRANTS A VARIETY OF MYSTICAL POWERS SUCH AS FLIGHT,INTANGIBILITY,FORCE FIELD CREATION,THE ABILITY TO CONJURE,CONTROL MAGICAL GREEN CONSTRUCTS,*IMMENSE SUPERHUMAN SPEED,*FLIGHT,*FORCE FIELD,*INVISIBILITY,*FRICTIONLESS AURA
Seraph	1977	1970	Superhuman strength of  Samson,Ring of  Solomon,Staff of  Moses,the mantle of  Elijah	4		0	https://en.wikipedia.org/wiki/Seraph_(comics)	https://upload.wikimedia.org/wikipedia/en/thumb/9/9d/Super_Friends_41.jpeg/250px-Super_Friends_41.jpeg	img.dc_chars/135.jpeg	SERAPH		SUPERHUMAN STRENGTH OF  SAMSON,RING OF  SOLOMON,STAFF OF  MOSES,THE MANTLE OF  ELIJAH
Shade, the Changing Man	1977	1970	The M-Vest creates a strong forcefield that repels weaponry,allows a degree of flight,distorts Shade's appearance dependent on the viewer's mental state or his own	3		0	https://en.wikipedia.org/wiki/Shade,_the_Changing_Man	https://upload.wikimedia.org/wikipedia/en/thumb/c/c7/Changing-man.jpg/250px-Changing-man.jpg	img.dc_chars/136.jpg	SHADE, THE CHANGING MAN		THE M-VEST CREATES A STRONG FORCEFIELD THAT REPELS WEAPONRY,ALLOWS A DEGREE OF FLIGHT,DISTORTS SHADE'S APPEARANCE DEPENDENT ON THE VIEWER'S MENTAL STATE OR HIS OWN
Shadow Lass	1968	1960	Darkness generation and manipulation,Expert hand-to-hand combatant,Diplomacy,Legion Flight Ring	4		0	https://en.wikipedia.org/wiki/Shadow_Lass	https://upload.wikimedia.org/wikipedia/en/thumb/1/1c/Shadow_Lass_%281970s%29.png/250px-Shadow_Lass_%281970s%29.png	img.dc_chars/137.png	SHADOW LASS		DARKNESS GENERATION AND MANIPULATION,EXPERT HAND-TO-HAND COMBATANT,DIPLOMACY,LEGION FLIGHT RING
The Shadow	1930	1930	Expert detective,Skilled marksman and hand-to-hand combatant,Master of disguise and stealth,Various psychic abilities such as reading people's thoughts, controlling their minds, and altering their perceptions, enabling him to turn himself invisible (except for his shadow, which cannot be hidden, for unknown reasons),Low-level telekinesis (with small objects such as knives or glass debris),Low-level superhuman strength (able to lift a sturdy armored warrior with only one hand)	6		0	https://en.wikipedia.org/wiki/The_Shadow	https://upload.wikimedia.org/wikipedia/en/thumb/f/f5/The_Shadow_%28character%29.jpg/250px-The_Shadow_%28character%29.jpg	img.dc_chars/138.jpg	THE SHADOW		EXPERT DETECTIVE,SKILLED MARKSMAN AND HAND-TO-HAND COMBATANT,MASTER OF DISGUISE AND STEALTH,VARIOUS PSYCHIC ABILITIES SUCH AS READING PEOPLE'S THOUGHTS, CONTROLLING THEIR MINDS, AND ALTERING THEIR PERCEPTIONS, ENABLING HIM TO TURN HIMSELF INVISIBLE (EXCEPT FOR HIS SHADOW, WHICH CANNOT BE HIDDEN, FOR UNKNOWN REASONS),LOW-LEVEL TELEKINESIS (WITH SMALL OBJECTS SUCH AS KNIVES OR GLASS DEBRIS),LOW-LEVEL SUPERHUMAN STRENGTH (ABLE TO LIFT A STURDY ARMORED WARRIOR WITH ONLY ONE HAND)
Shazam	1940	1940	"By shouting the name ""SHAZAM!"", Billy is bestowed the powers of divine origin, primarily of Greek-Roman origin. These powers typically include:
Superhuman physical attributes: strength, speed, durability, etc.
Enhanced intelligence and knowledge
Physical and magical invulnerability
Control over lightning and magic,Superhuman physical attributes: strength, speed, durability, etc.,Enhanced intelligence and knowledge,Physical and magical invulnerability,Control over lightning and magic,Skilled hand-to-hand combatant and natural charisma makes him an apt radio personality."	6	Wizard Shazam,Courtney Whitmore,Mary Marvel,Captain Marvel Jr.,Tawky Tawny	5	https://en.wikipedia.org/wiki/Shazam_(DC_Comics)	https://upload.wikimedia.org/wikipedia/en/thumb/d/d5/Billy_Batson%2C_Shazam_Captain_Marvel_%28Modern%29.png/250px-Billy_Batson%2C_Shazam_Captain_Marvel_%28Modern%29.png	img.dc_chars/139.png	SHAZAM	WIZARD SHAZAM,COURTNEY WHITMORE,MARY MARVEL,CAPTAIN MARVEL JR.,TAWKY TAWNY	"BY SHOUTING THE NAME ""SHAZAM!"", BILLY IS BESTOWED THE POWERS OF DIVINE ORIGIN, PRIMARILY OF GREEK-ROMAN ORIGIN. THESE POWERS TYPICALLY INCLUDE:
SUPERHUMAN PHYSICAL ATTRIBUTES: STRENGTH, SPEED, DURABILITY, ETC.
ENHANCED INTELLIGENCE AND KNOWLEDGE
PHYSICAL AND MAGICAL INVULNERABILITY
CONTROL OVER LIGHTNING AND MAGIC,SUPERHUMAN PHYSICAL ATTRIBUTES: STRENGTH, SPEED, DURABILITY, ETC.,ENHANCED INTELLIGENCE AND KNOWLEDGE,PHYSICAL AND MAGICAL INVULNERABILITY,CONTROL OVER LIGHTNING AND MAGIC,SKILLED HAND-TO-HAND COMBATANT AND NATURAL CHARISMA MAKES HIM AN APT RADIO PERSONALITY."
The Shield	1940	1940	Superhuman strength,Great leaping,Invulnerability,Wears an indestructible costume	4		0	https://en.wikipedia.org/wiki/Shield_(Archie_Comics)	https://upload.wikimedia.org/wikipedia/commons/thumb/5/5a/Cover_of_Pep_Comics_1_%28Jan._1940%29.jpg/250px-Cover_of_Pep_Comics_1_%28Jan._1940%29.jpg	img.dc_chars/140.jpg	THE SHIELD		SUPERHUMAN STRENGTH,GREAT LEAPING,INVULNERABILITY,WEARS AN INDESTRUCTIBLE COSTUME
Shiera Sanders-HallHawkgirl	1940	1940	Flight via Nth metal feathered wings,Reincarnation via Nth metal knife,Immortality via reincarnation process,Highly skilled armed and unarmed combatant,Superhuman strength, senses, endurance, and vision,Accelerated healing,Telepathic communication with birds,Utilizes Nth metal gravity-defying belt and archaic weaponry,Temperature regulation,Multilingualism	10	Hawkman (Carter Hall)	1	https://en.wikipedia.org/wiki/Hawkgirl_(Shiera_Hall)	https://upload.wikimedia.org/wikipedia/en/thumb/3/34/Hawkgirl_%28Shiera_Sanders_Hall%29.png/250px-Hawkgirl_%28Shiera_Sanders_Hall%29.png	img.dc_chars/141.png	SHIERA SANDERS-HALLHAWKGIRL	HAWKMAN (CARTER HALL)	FLIGHT VIA NTH METAL FEATHERED WINGS,REINCARNATION VIA NTH METAL KNIFE,IMMORTALITY VIA REINCARNATION PROCESS,HIGHLY SKILLED ARMED AND UNARMED COMBATANT,SUPERHUMAN STRENGTH, SENSES, ENDURANCE, AND VISION,ACCELERATED HEALING,TELEPATHIC COMMUNICATION WITH BIRDS,UTILIZES NTH METAL GRAVITY-DEFYING BELT AND ARCHAIC WEAPONRY,TEMPERATURE REGULATION,MULTILINGUALISM
Shining Knight	2005	2000	"Unusually strong,resilient to damage,swordsmanship,can fly on winged horse ""Vanguard"""	4		0	https://en.wikipedia.org/wiki/Shining_Knight_(Ystina)	https://upload.wikimedia.org/wikipedia/en/thumb/2/2e/Shiningknight3.jpg/250px-Shiningknight3.jpg	img.dc_chars/142.jpg	SHINING KNIGHT		"UNUSUALLY STRONG,RESILIENT TO DAMAGE,SWORDSMANSHIP,CAN FLY ON WINGED HORSE ""VANGUARD"""
Sinestro	1961	1960	"Genius-level intellect,Expert strategist and tactician,Skilled hand-to-hand combatant,Innate understanding of the fears and phobias of others,Power ring (typically yellow/green variety)
Generation of hard light constructs
Energy projection
Flight
Personal forcefield
Enhanced strength, speed, and durability
Space travel
Limited cellular regeneration
Real-time translation of all languages
Fear empowerment,Generation of hard light constructs,Energy projection,Flight,Personal forcefield,Enhanced strength, speed, and durability,Space travel,Limited cellular regeneration,Real-time translation of all languages,Fear empowerment"	14		0	https://en.wikipedia.org/wiki/Sinestro	https://upload.wikimedia.org/wikipedia/en/thumb/e/e1/Sinestro_%28circa_2011%29.png/250px-Sinestro_%28circa_2011%29.png	img.dc_chars/143.png	SINESTRO		"GENIUS-LEVEL INTELLECT,EXPERT STRATEGIST AND TACTICIAN,SKILLED HAND-TO-HAND COMBATANT,INNATE UNDERSTANDING OF THE FEARS AND PHOBIAS OF OTHERS,POWER RING (TYPICALLY YELLOW/GREEN VARIETY)
GENERATION OF HARD LIGHT CONSTRUCTS
ENERGY PROJECTION
FLIGHT
PERSONAL FORCEFIELD
ENHANCED STRENGTH, SPEED, AND DURABILITY
SPACE TRAVEL
LIMITED CELLULAR REGENERATION
REAL-TIME TRANSLATION OF ALL LANGUAGES
FEAR EMPOWERMENT,GENERATION OF HARD LIGHT CONSTRUCTS,ENERGY PROJECTION,FLIGHT,PERSONAL FORCEFIELD,ENHANCED STRENGTH, SPEED, AND DURABILITY,SPACE TRAVEL,LIMITED CELLULAR REGENERATION,REAL-TIME TRANSLATION OF ALL LANGUAGES,FEAR EMPOWERMENT"
Felicity Smoak	2012	2010		0		0	https://en.wikipedia.org/wiki/Felicity_Smoak_(Arrowverse)	https://upload.wikimedia.org/wikipedia/en/thumb/f/f8/Felicity_Smoak_%28Emily_Bett_Rickards%29.jpg/250px-Felicity_Smoak_%28Emily_Bett_Rickards%29.jpg	img.dc_chars/144.jpg	FELICITY SMOAK		
King Solovar	1959	1950	"Superhuman strength, durability, speed, and agility,Telepathy,Hypercognition
Space-time migration
Dimensional travel
Precognition
Retrocognition,Space-time migration,Dimensional travel,Precognition,Retrocognition,Genius-level intellect,Enhanced strength, durability, speed, and agility,Thought reading,Diplomatic immunity"	11		0	https://en.wikipedia.org/wiki/Solovar	https://upload.wikimedia.org/wikipedia/en/b/bb/Solovar.jpg	img.dc_chars/145.jpg	KING SOLOVAR		"SUPERHUMAN STRENGTH, DURABILITY, SPEED, AND AGILITY,TELEPATHY,HYPERCOGNITION
SPACE-TIME MIGRATION
DIMENSIONAL TRAVEL
PRECOGNITION
RETROCOGNITION,SPACE-TIME MIGRATION,DIMENSIONAL TRAVEL,PRECOGNITION,RETROCOGNITION,GENIUS-LEVEL INTELLECT,ENHANCED STRENGTH, DURABILITY, SPEED, AND AGILITY,THOUGHT READING,DIPLOMATIC IMMUNITY"
Solstice	2010	2010	Light manipulation,Flight	2		0	https://en.wikipedia.org/wiki/Solstice_(character)	https://upload.wikimedia.org/wikipedia/en/thumb/0/09/SolsticeDCU.jpg/250px-SolsticeDCU.jpg	img.dc_chars/146.jpg	SOLSTICE		LIGHT MANIPULATION,FLIGHT
Son of Vulcan	1965	1960	Can transform into  demigod  possessing superhuman strength,speed &amp,senses,flight,invulnerability to fire,&amp,indestructible armor who can summon both fireballs &amp,powerful ancient weapons from the  forge  of his adopted father  Vulcan,later bestowed with all the powers of the entire Olympian pantheon ( War of the Gods )	9		0	https://en.wikipedia.org/wiki/Son_of_Vulcan	https://upload.wikimedia.org/wikipedia/commons/thumb/f/fb/Cover_of_Mysteries_of_Unexplored_Worlds_no._46.jpg/250px-Cover_of_Mysteries_of_Unexplored_Worlds_no._46.jpg	img.dc_chars/147.jpg	SON OF VULCAN		CAN TRANSFORM INTO  DEMIGOD  POSSESSING SUPERHUMAN STRENGTH,SPEED &AMP,SENSES,FLIGHT,INVULNERABILITY TO FIRE,&AMP,INDESTRUCTIBLE ARMOR WHO CAN SUMMON BOTH FIREBALLS &AMP,POWERFUL ANCIENT WEAPONS FROM THE  FORGE  OF HIS ADOPTED FATHER  VULCAN,LATER BESTOWED WITH ALL THE POWERS OF THE ENTIRE OLYMPIAN PANTHEON ( WAR OF THE GODS )
Sonny Sumo	1971	1970	Strength, durability, trained sumo wrestler	1		0	https://en.wikipedia.org/wiki/Sonny_Sumo	https://upload.wikimedia.org/wikipedia/en/thumb/7/7f/Sonny_Sumo.jpg/250px-Sonny_Sumo.jpg	img.dc_chars/148.jpg	SONNY SUMO		STRENGTH, DURABILITY, TRAINED SUMO WRESTLER
Space Ghost	1966	1960		0		0	https://en.wikipedia.org/wiki/Space_Ghost	https://upload.wikimedia.org/wikipedia/en/thumb/d/df/Space_Ghost.png/235px-Space_Ghost.png	img.dc_chars/149.png	SPACE GHOST		
Space Ghost	2020	2020		0		0	https://en.wikipedia.org/wiki/Space_Ghost_(TV_series)	https://upload.wikimedia.org/wikipedia/en/8/8e/Space_Ghost_%28TV_series%29.png	img.dc_chars/150.png	SPACE GHOST		
Space Ranger	1958	1950	Expert pilot,marksman,scientist,detective armed with vast variety of futuristic weapons,gadgets,Sidekick is an extraterrestrial shapeshifter	6		0	https://en.wikipedia.org/wiki/Space_Ranger	https://upload.wikimedia.org/wikipedia/en/thumb/7/7b/Spacerangerdcu0.jpg/250px-Spacerangerdcu0.jpg	img.dc_chars/151.jpg	SPACE RANGER		EXPERT PILOT,MARKSMAN,SCIENTIST,DETECTIVE ARMED WITH VAST VARIETY OF FUTURISTIC WEAPONS,GADGETS,SIDEKICK IS AN EXTRATERRESTRIAL SHAPESHIFTER
Sparx	1993	1990	Electrical form,projection,flight	3		0	https://en.wikipedia.org/wiki/Sparx_(character)	https://upload.wikimedia.org/wikipedia/en/1/1d/Sparx_%28DC_Comics%29.jpg	img.dc_chars/152.jpg	SPARX		ELECTRICAL FORM,PROJECTION,FLIGHT
Manhunter	2004	2000	Wears a suit that is keyed into her unique bioelectrical signature,granting her increased strength,agility,endurance,Carries a powerful staff once used by a previous Manhunter,Mark Shaw	6		0	https://en.wikipedia.org/wiki/Manhunter_(Kate_Spencer)	https://upload.wikimedia.org/wikipedia/en/thumb/b/b3/Manhunter_KateSpencer.jpg/250px-Manhunter_KateSpencer.jpg	img.dc_chars/153.jpg	MANHUNTER		WEARS A SUIT THAT IS KEYED INTO HER UNIQUE BIOELECTRICAL SIGNATURE,GRANTING HER INCREASED STRENGTH,AGILITY,ENDURANCE,CARRIES A POWERFUL STAFF ONCE USED BY A PREVIOUS MANHUNTER,MARK SHAW
Alias the Spider	1940	1940		0		0	https://en.wikipedia.org/wiki/Spider_(DC_Comics)	https://None	N/A	ALIAS THE SPIDER		
Spy Smasher	1940	1940	(Alan),Skilled hand-to-hand combatant,Master detective,Intelligent scientist,inventor,Use of gadgets,a specialized vehicle,(Katarina),Skilled hand-to-hand combatant,Extensive political connections,Expert markswoman	11		0	https://en.wikipedia.org/wiki/Spy_Smasher	https://upload.wikimedia.org/wikipedia/commons/thumb/3/32/Spy-smasher-2-winter-1941.jpg/250px-Spy-smasher-2-winter-1941.jpg	img.dc_chars/155.jpg	SPY SMASHER		(ALAN),SKILLED HAND-TO-HAND COMBATANT,MASTER DETECTIVE,INTELLIGENT SCIENTIST,INVENTOR,USE OF GADGETS,A SPECIALIZED VEHICLE,(KATARINA),SKILLED HAND-TO-HAND COMBATANT,EXTENSIVE POLITICAL CONNECTIONS,EXPERT MARKSWOMAN
Squire	1950	1950	(Percy,Cyril),Swordsmanship,martial artist,outfitted in special armor that repels swords or light projectiles,(Beryl),Swordsmanship,skilled martial artist,expert in all forms of communication	9		0	https://en.wikipedia.org/wiki/Squire_(character)	https://upload.wikimedia.org/wikipedia/en/thumb/9/90/Squire_Beryl.jpg/250px-Squire_Beryl.jpg	img.dc_chars/156.jpg	SQUIRE		(PERCY,CYRIL),SWORDSMANSHIP,MARTIAL ARTIST,OUTFITTED IN SPECIAL ARMOR THAT REPELS SWORDS OR LIGHT PROJECTILES,(BERYL),SWORDSMANSHIP,SKILLED MARTIAL ARTIST,EXPERT IN ALL FORMS OF COMMUNICATION
Stalker	1975	1970	Superhuman strength,senses,speed,various mystical abilities,expert fencer	5		0	https://en.wikipedia.org/wiki/Stalker_(DC_Comics)	https://upload.wikimedia.org/wikipedia/en/thumb/e/ed/Stalkerdcu0.jpg/250px-Stalkerdcu0.jpg	img.dc_chars/157.jpg	STALKER		SUPERHUMAN STRENGTH,SENSES,SPEED,VARIOUS MYSTICAL ABILITIES,EXPERT FENCER
Star-Spangled kid	1941	1940	Superb athlete,Hand to hand combatant,Cosmic converter belt,Expert gymnast and kickboxer,Enhanced strength, speed, agility and stamina,Shooting star projection,Flight,Cosmic energy manipulation	8		0	https://en.wikipedia.org/wiki/Star-Spangled_Kid	https://upload.wikimedia.org/wikipedia/en/8/8d/Star_spangled_kid.png	img.dc_chars/158.png	STAR-SPANGLED KID		SUPERB ATHLETE,HAND TO HAND COMBATANT,COSMIC CONVERTER BELT,EXPERT GYMNAST AND KICKBOXER,ENHANCED STRENGTH, SPEED, AGILITY AND STAMINA,SHOOTING STAR PROJECTION,FLIGHT,COSMIC ENERGY MANIPULATION
Starfire	1980	1980	"Tamaranean physiology converts ultraviolet radiation into energy; grants superhuman strength, speed, durability, endurance, agility, stamina, flight, temperature/radiation immunity, and can assimilate language through lip contact.,Experimentation grants the ability to project energy and heat, her ""Starbolts"" which she can direct from her hands or eyes.,Highly trained warrior; proficiency in hand-to-hand combat, weaponry, leadership, and space flight."	3	Nightwing,Donna Troy,Animal Man,Adam Strange,Blue Beetle (Jaime Reyes)	5	https://en.wikipedia.org/wiki/Starfire_(Teen_Titans)	https://upload.wikimedia.org/wikipedia/en/thumb/7/7e/Modern_Starfire_Teen_Titans.jpg/250px-Modern_Starfire_Teen_Titans.jpg	img.dc_chars/159.jpg	STARFIRE	NIGHTWING,DONNA TROY,ANIMAL MAN,ADAM STRANGE,BLUE BEETLE (JAIME REYES)	"TAMARANEAN PHYSIOLOGY CONVERTS ULTRAVIOLET RADIATION INTO ENERGY; GRANTS SUPERHUMAN STRENGTH, SPEED, DURABILITY, ENDURANCE, AGILITY, STAMINA, FLIGHT, TEMPERATURE/RADIATION IMMUNITY, AND CAN ASSIMILATE LANGUAGE THROUGH LIP CONTACT.,EXPERIMENTATION GRANTS THE ABILITY TO PROJECT ENERGY AND HEAT, HER ""STARBOLTS"" WHICH SHE CAN DIRECT FROM HER HANDS OR EYES.,HIGHLY TRAINED WARRIOR; PROFICIENCY IN HAND-TO-HAND COMBAT, WEAPONRY, LEADERSHIP, AND SPACE FLIGHT."
Starfire	1976	1970	Trained  swordswoman,archer,tracker	3		0	https://en.wikipedia.org/wiki/Starfire_(Star_Hunters)	https://upload.wikimedia.org/wikipedia/en/thumb/1/16/Starfireclassic.jpg/244px-Starfireclassic.jpg	img.dc_chars/160.jpg	STARFIRE		TRAINED  SWORDSWOMAN,ARCHER,TRACKER
Starman	1941	1940	"Star-Man:,Superhuman strength,Tomas:,Flight,energy projection derived from the sonic crystal,Invulnerability,Gavyn:,Flight,energy manipulation,light/heat,radiation immunity,self-sustenance,able to withstand exposure to space,Payton:,Flight,superhuman strength,durability,limited  shapeshifting,energy projection,David:,Use of the ""Gravity Rod"",Kallor : Mass,density manipulation,Farris:,Use of the ""Quarvat"""	25		0	https://en.wikipedia.org/wiki/Starman_(DC_Comics)	https://upload.wikimedia.org/wikipedia/en/thumb/d/de/Starmen.jpg/250px-Starmen.jpg	img.dc_chars/161.jpg	STARMAN		"STAR-MAN:,SUPERHUMAN STRENGTH,TOMAS:,FLIGHT,ENERGY PROJECTION DERIVED FROM THE SONIC CRYSTAL,INVULNERABILITY,GAVYN:,FLIGHT,ENERGY MANIPULATION,LIGHT/HEAT,RADIATION IMMUNITY,SELF-SUSTENANCE,ABLE TO WITHSTAND EXPOSURE TO SPACE,PAYTON:,FLIGHT,SUPERHUMAN STRENGTH,DURABILITY,LIMITED  SHAPESHIFTING,ENERGY PROJECTION,DAVID:,USE OF THE ""GRAVITY ROD"",KALLOR : MASS,DENSITY MANIPULATION,FARRIS:,USE OF THE ""QUARVAT"""
Starman	1994	1990	Competent martial artist,Rapid flight,Telekinesis,Energy manipulation,Stellar energy absorption,Gravity manipulation	6	Stargirl	1	https://en.wikipedia.org/wiki/Starman_(Jack_Knight)	https://upload.wikimedia.org/wikipedia/en/thumb/a/a9/Starman_modernage.jpg/250px-Starman_modernage.jpg	img.dc_chars/162.jpg	STARMAN	STARGIRL	COMPETENT MARTIAL ARTIST,RAPID FLIGHT,TELEKINESIS,ENERGY MANIPULATION,STELLAR ENERGY ABSORPTION,GRAVITY MANIPULATION
Starman	1976	1970	Flight,energy projection derived from the sonic crystal,Invulnerability	3		0	https://en.wikipedia.org/wiki/Starman_(Mikaal_Tomas)	https://upload.wikimedia.org/wikipedia/en/thumb/7/70/Starman_DCNu.jpg/250px-Starman_DCNu.jpg	img.dc_chars/163.jpg	STARMAN		FLIGHT,ENERGY PROJECTION DERIVED FROM THE SONIC CRYSTAL,INVULNERABILITY
Starman	1980	1980	Flight,Energy manipulation,Immunity to heat and radiation	3		0	https://en.wikipedia.org/wiki/Starman_(Prince_Gavyn)	https://upload.wikimedia.org/wikipedia/en/thumb/b/b2/Prince_Gavyn_-_Starman.jpg/250px-Prince_Gavyn_-_Starman.jpg	img.dc_chars/164.jpg	STARMAN		FLIGHT,ENERGY MANIPULATION,IMMUNITY TO HEAT AND RADIATION
Starman	1941	1940	Flight,Stellar energy, light and heat projection,Force field and simple energy construct generation,Telekinesis	4		0	https://en.wikipedia.org/wiki/Starman_(Ted_Knight)	https://upload.wikimedia.org/wikipedia/en/thumb/a/aa/Starman_%28comics_character%29.jpg/250px-Starman_%28comics_character%29.jpg	img.dc_chars/165.jpg	STARMAN		FLIGHT,STELLAR ENERGY, LIGHT AND HEAT PROJECTION,FORCE FIELD AND SIMPLE ENERGY CONSTRUCT GENERATION,TELEKINESIS
Starman	1988	1980	Flight,Superhuman strength and durability,Energy projection,Limited shapeshifting,Portal generation,Clairvoyance	6		0	https://en.wikipedia.org/wiki/Starman_(Will_Payton)	https://upload.wikimedia.org/wikipedia/en/b/b9/Starman_%28Will_Payton%29.png	img.dc_chars/166.png	STARMAN		FLIGHT,SUPERHUMAN STRENGTH AND DURABILITY,ENERGY PROJECTION,LIMITED SHAPESHIFTING,PORTAL GENERATION,CLAIRVOYANCE
Stel	1962	1960	Power Ring	1		0	https://en.wikipedia.org/wiki/Stel	https://upload.wikimedia.org/wikipedia/en/thumb/0/0e/Stel.jpg/330px-Stel.jpg	img.dc_chars/167.jpg	STEL		POWER RING
Jesse Chambers	1992	1990	Superhuman speed, agility, and reflexes,Speed force connection,Superhuman strength, stamina, and durability,Accelerated healing,Enhanced senses,Flight by using her super speed,Genius-level intellect,Advanced hand-to-hand combatant and martial artist	8		0	https://en.wikipedia.org/wiki/Jesse_Chambers	https://upload.wikimedia.org/wikipedia/en/7/7b/Jesse_Quick.jpg	img.dc_chars/168.jpg	JESSE CHAMBERS		SUPERHUMAN SPEED, AGILITY, AND REFLEXES,SPEED FORCE CONNECTION,SUPERHUMAN STRENGTH, STAMINA, AND DURABILITY,ACCELERATED HEALING,ENHANCED SENSES,FLIGHT BY USING HER SUPER SPEED,GENIUS-LEVEL INTELLECT,ADVANCED HAND-TO-HAND COMBATANT AND MARTIAL ARTIST
Streaky the Supercat	1960	1960	Kryptonian-like abilities,including flight,superhuman strength,durability,speed,vision	6		0	https://en.wikipedia.org/wiki/Streaky_the_Supercat	https://upload.wikimedia.org/wikipedia/en/thumb/8/8e/Streaky_the_Supercat.png/250px-Streaky_the_Supercat.png	img.dc_chars/169.png	STREAKY THE SUPERCAT		KRYPTONIAN-LIKE ABILITIES,INCLUDING FLIGHT,SUPERHUMAN STRENGTH,DURABILITY,SPEED,VISION
Super-Chief	1961	1960	Super-strength,super-speed,extended lifespan	3		0	https://en.wikipedia.org/wiki/Super-Chief	https://upload.wikimedia.org/wikipedia/en/thumb/0/00/Superchief.PNG/250px-Superchief.PNG	img.dc_chars/170.PNG	SUPER-CHIEF		SUPER-STRENGTH,SUPER-SPEED,EXTENDED LIFESPAN
Supergirl	1958	1950		0		0	https://en.wikipedia.org/wiki/Supergirl	https://upload.wikimedia.org/wikipedia/en/thumb/e/e1/The_Supergirls.jpg/250px-The_Supergirls.jpg	img.dc_chars/171.jpg	SUPERGIRL		
Supergirl	1996	1990	"Psychokinesis grants:
Superhuman strength, speed, and leaping
Invulnerability
Flight
Telekinesis,Superhuman strength, speed, and leaping,Invulnerability,Flight,Telekinesis,Flame vision and wings,Teleportation"	7		0	https://en.wikipedia.org/wiki/Supergirl_(Linda_Danvers)	https://upload.wikimedia.org/wikipedia/en/7/7e/Supergirl_%28Linda_Danvers%29.png	img.dc_chars/172.png	SUPERGIRL		"PSYCHOKINESIS GRANTS:
SUPERHUMAN STRENGTH, SPEED, AND LEAPING
INVULNERABILITY
FLIGHT
TELEKINESIS,SUPERHUMAN STRENGTH, SPEED, AND LEAPING,INVULNERABILITY,FLIGHT,TELEKINESIS,FLAME VISION AND WINGS,TELEPORTATION"
Clark Kent / Kal-El Superman	1938	1930	"Superhuman strength, speed, agility, stamina, durability, reflexes, senses, endurance, and longevity
Invulnerability
Flight
Genius level intellect
Heat vision
X-ray vision
Wind and freeze breath
Indomitable will
Self-sustenance by solar energy absorption
Master field commander
Skilled hand-to-hand combatant
Expert investigative journalist and novelist,Superhuman strength, speed, agility, stamina, durability, reflexes, senses, endurance, and longevity,Invulnerability,Flight,Genius level intellect,Heat vision,X-ray vision,Wind and freeze breath,Indomitable will,Self-sustenance by solar energy absorption,Master field commander,Skilled hand-to-hand combatant,Expert investigative journalist and novelist"	13	Supergirl,Superboy,Batman,Wonder Woman	4	https://en.wikipedia.org/wiki/Superman	https://upload.wikimedia.org/wikipedia/en/thumb/3/35/Supermanflying.png/250px-Supermanflying.png	img.dc_chars/173.png	CLARK KENT / KAL-EL SUPERMAN	SUPERGIRL,SUPERBOY,BATMAN,WONDER WOMAN	"SUPERHUMAN STRENGTH, SPEED, AGILITY, STAMINA, DURABILITY, REFLEXES, SENSES, ENDURANCE, AND LONGEVITY
INVULNERABILITY
FLIGHT
GENIUS LEVEL INTELLECT
HEAT VISION
X-RAY VISION
WIND AND FREEZE BREATH
INDOMITABLE WILL
SELF-SUSTENANCE BY SOLAR ENERGY ABSORPTION
MASTER FIELD COMMANDER
SKILLED HAND-TO-HAND COMBATANT
EXPERT INVESTIGATIVE JOURNALIST AND NOVELIST,SUPERHUMAN STRENGTH, SPEED, AGILITY, STAMINA, DURABILITY, REFLEXES, SENSES, ENDURANCE, AND LONGEVITY,INVULNERABILITY,FLIGHT,GENIUS LEVEL INTELLECT,HEAT VISION,X-RAY VISION,WIND AND FREEZE BREATH,INDOMITABLE WILL,SELF-SUSTENANCE BY SOLAR ENERGY ABSORPTION,MASTER FIELD COMMANDER,SKILLED HAND-TO-HAND COMBATANT,EXPERT INVESTIGATIVE JOURNALIST AND NOVELIST"
Superman	1945	1940	"Superhuman strength, stamina, endurance, speed, agility, reflexes, intelligence, longevity, and hearing
Solar radiation absorption
Enhanced vision
Microscopic vision
X-ray vision
Telescopic vision
Invulnerability
Ice and wind breath
Flight
Heat vision
Hyperspace travel
Mesmerism
Voice projection
Combat expertise,Superhuman strength, stamina, endurance, speed, agility, reflexes, intelligence, longevity, and hearing,Solar radiation absorption,Enhanced vision
Microscopic vision
X-ray vision
Telescopic vision,Microscopic vision,X-ray vision,Telescopic vision,Invulnerability,Ice and wind breath,Flight,Heat vision,Hyperspace travel,Mesmerism,Voice projection,Combat expertise"	15		0	https://en.wikipedia.org/wiki/Superman_(Earth-One)	https://upload.wikimedia.org/wikipedia/en/1/1a/Superman_%28circa_1960s%29.png	img.dc_chars/174.png	SUPERMAN		"SUPERHUMAN STRENGTH, STAMINA, ENDURANCE, SPEED, AGILITY, REFLEXES, INTELLIGENCE, LONGEVITY, AND HEARING
SOLAR RADIATION ABSORPTION
ENHANCED VISION
MICROSCOPIC VISION
X-RAY VISION
TELESCOPIC VISION
INVULNERABILITY
ICE AND WIND BREATH
FLIGHT
HEAT VISION
HYPERSPACE TRAVEL
MESMERISM
VOICE PROJECTION
COMBAT EXPERTISE,SUPERHUMAN STRENGTH, STAMINA, ENDURANCE, SPEED, AGILITY, REFLEXES, INTELLIGENCE, LONGEVITY, AND HEARING,SOLAR RADIATION ABSORPTION,ENHANCED VISION
MICROSCOPIC VISION
X-RAY VISION
TELESCOPIC VISION,MICROSCOPIC VISION,X-RAY VISION,TELESCOPIC VISION,INVULNERABILITY,ICE AND WIND BREATH,FLIGHT,HEAT VISION,HYPERSPACE TRAVEL,MESMERISM,VOICE PROJECTION,COMBAT EXPERTISE"
Superman	1978	1970	Invulnerability,superhuman strength,speed,sight,hearing,frost breath,heat vision,X-ray vision,flight,amnesia-inducing touch	10		0	https://en.wikipedia.org/wiki/Superman_(1978_film_series_character)	https://upload.wikimedia.org/wikipedia/en/thumb/e/e3/Superman_%28Christopher_Reeve_-_1978%29.jpg/250px-Superman_%28Christopher_Reeve_-_1978%29.jpg	img.dc_chars/175.jpg	SUPERMAN		INVULNERABILITY,SUPERHUMAN STRENGTH,SPEED,SIGHT,HEARING,FROST BREATH,HEAT VISION,X-RAY VISION,FLIGHT,AMNESIA-INDUCING TOUCH
Superman	1996	1990	Superhuman strength, endurance, speed, stamina, senses, intelligence, and longevity,Super breath,Heat vision,Solar energy absorption,Accelerated healing,X-ray vision,Telescopic & microscopic vision,Electromagnetic spectrum vision,Invulnerability,Flight	10		0	https://en.wikipedia.org/wiki/Superman_(Kingdom_Come)	https://upload.wikimedia.org/wikipedia/en/thumb/5/53/Superman_%28Kingdom_Come_character%29.png/250px-Superman_%28Kingdom_Come_character%29.png	img.dc_chars/176.png	SUPERMAN		SUPERHUMAN STRENGTH, ENDURANCE, SPEED, STAMINA, SENSES, INTELLIGENCE, AND LONGEVITY,SUPER BREATH,HEAT VISION,SOLAR ENERGY ABSORPTION,ACCELERATED HEALING,X-RAY VISION,TELESCOPIC & MICROSCOPIC VISION,ELECTROMAGNETIC SPECTRUM VISION,INVULNERABILITY,FLIGHT
Supernova	2020	2020	Flight,Light emission,Energy projection,Teleportation,Shrinking	5		0	https://en.wikipedia.org/wiki/Supernova_(DC_Comics)	https://upload.wikimedia.org/wikipedia/en/thumb/2/2a/Supernova_%28Michael_Jon_Carter%29.png/250px-Supernova_%28Michael_Jon_Carter%29.png	img.dc_chars/177.png	SUPERNOVA		FLIGHT,LIGHT EMISSION,ENERGY PROJECTION,TELEPORTATION,SHRINKING
Superwoman	1943	1940	Superstrength,superspeed,flight,invulnerability,heat vision,X-ray vision,Teleportation,Precognition,Telekinesis,Enhanced vision,Limited electrokinesis,Electric and magnetism manipulation	12		0	https://en.wikipedia.org/wiki/Superwoman	https://None	N/A	SUPERWOMAN		SUPERSTRENGTH,SUPERSPEED,FLIGHT,INVULNERABILITY,HEAT VISION,X-RAY VISION,TELEPORTATION,PRECOGNITION,TELEKINESIS,ENHANCED VISION,LIMITED ELECTROKINESIS,ELECTRIC AND MAGNETISM MANIPULATION
Superwoman	1964	1960	Superhuman strength, speed, healing,Flight,Magical weaponry, Lasso of Submission (Earth-3 version of the Lasso of Truth), a weaponized tiara[broken anchor], and a magical sword.	3	Ultraman,Owlman,Johnny Quick,Power Ring	4	https://en.wikipedia.org/wiki/Superwoman_(Crime_Syndicate)	https://upload.wikimedia.org/wikipedia/en/8/8e/Superwoman_%28Earth-Three_-_1964%E2%80%931985%29.png	img.dc_chars/179.png	SUPERWOMAN	ULTRAMAN,OWLMAN,JOHNNY QUICK,POWER RING	SUPERHUMAN STRENGTH, SPEED, HEALING,FLIGHT,MAGICAL WEAPONRY, LASSO OF SUBMISSION (EARTH-3 VERSION OF THE LASSO OF TRUTH), A WEAPONIZED TIARA[BROKEN ANCHOR], AND A MAGICAL SWORD.
Tarantula	1941	1940	"(Law),Good acrobat,Trained hand-to-hand combatant,Uses several gimmicks,such as suction cups,a ""web-gun"""	6		0	https://en.wikipedia.org/wiki/Tarantula_(DC_Comics)	https://upload.wikimedia.org/wikipedia/en/thumb/9/91/Tarantula_%28John_Law%29.png/250px-Tarantula_%28John_Law%29.png	img.dc_chars/180.png	TARANTULA		"(LAW),GOOD ACROBAT,TRAINED HAND-TO-HAND COMBATANT,USES SEVERAL GIMMICKS,SUCH AS SUCTION CUPS,A ""WEB-GUN"""
The Terrific Whatzit	1944	1940	"Super-speed,Super-strength,Flight,""Automatic conscience"""	4		0	https://en.wikipedia.org/wiki/Terrific_Whatzit	https://upload.wikimedia.org/wikipedia/en/thumb/0/09/Terrific_Whatzit.jpg/250px-Terrific_Whatzit.jpg	img.dc_chars/181.jpg	THE TERRIFIC WHATZIT		"SUPER-SPEED,SUPER-STRENGTH,FLIGHT,""AUTOMATIC CONSCIENCE"""
Wally West	1959	1950	Infinite-SuperSpeed,Hyper-Accelerated Brain-Activity,Superhuman Agility and Reflexes,Lightning-Projection and Electrokinesis,Time-Travel and Chronokinesis,Speed-Force Absorption, Negation, and Empathy,Aerokinesis & Temperature-Manipulation,Intangibility and Invisibility via Molecular-Vibration at High-Velocity,Energy-Transformation,Light-Projection and Photokinesis,Accelerated-Healing and Immunity,Enhanced-Perceptions and Senses,Protective Speed-Force Aura,Sonic-Shockwave Projection,Dimensional-Travel,Precognition and Retrocognition,Advanced Hand-To-Hand Combatant,Genius-level Intellect	18	Raven,The Flash,Green Lantern,Nightwing,Troia	5	https://en.wikipedia.org/wiki/Wally_West	https://upload.wikimedia.org/wikipedia/en/thumb/5/58/The_Flash_%28Wally_West%29.png/250px-The_Flash_%28Wally_West%29.png	img.dc_chars/182.png	WALLY WEST	RAVEN,THE FLASH,GREEN LANTERN,NIGHTWING,TROIA	INFINITE-SUPERSPEED,HYPER-ACCELERATED BRAIN-ACTIVITY,SUPERHUMAN AGILITY AND REFLEXES,LIGHTNING-PROJECTION AND ELECTROKINESIS,TIME-TRAVEL AND CHRONOKINESIS,SPEED-FORCE ABSORPTION, NEGATION, AND EMPATHY,AEROKINESIS & TEMPERATURE-MANIPULATION,INTANGIBILITY AND INVISIBILITY VIA MOLECULAR-VIBRATION AT HIGH-VELOCITY,ENERGY-TRANSFORMATION,LIGHT-PROJECTION AND PHOTOKINESIS,ACCELERATED-HEALING AND IMMUNITY,ENHANCED-PERCEPTIONS AND SENSES,PROTECTIVE SPEED-FORCE AURA,SONIC-SHOCKWAVE PROJECTION,DIMENSIONAL-TRAVEL,PRECOGNITION AND RETROCOGNITION,ADVANCED HAND-TO-HAND COMBATANT,GENIUS-LEVEL INTELLECT
Tex Thompson	1938	1930	Detective skills,Espionage training,Expert marksman,Skilled with explosives,Expert with whip,Cape capable of flight,Expert hand-to-hand combat,Martial artist	8		0	https://en.wikipedia.org/wiki/Tex_Thompson	https://upload.wikimedia.org/wikipedia/en/thumb/d/d1/Americommando.jpg/250px-Americommando.jpg	img.dc_chars/183.jpg	TEX THOMPSON		DETECTIVE SKILLS,ESPIONAGE TRAINING,EXPERT MARKSMAN,SKILLED WITH EXPLOSIVES,EXPERT WITH WHIP,CAPE CAPABLE OF FLIGHT,EXPERT HAND-TO-HAND COMBAT,MARTIAL ARTIST
Thunder	2003	2000	Density manipulation,Superhuman strength,Stomp-induced shockwaves,Thunder clap,Energy projection,Shooting lighting,Electrokinesis,Super jump,Electricity Absorption	9		0	https://en.wikipedia.org/wiki/Thunder_(DC_Comics)	https://upload.wikimedia.org/wikipedia/en/b/b3/Anissa_Pierce.png	img.dc_chars/184.png	THUNDER		DENSITY MANIPULATION,SUPERHUMAN STRENGTH,STOMP-INDUCED SHOCKWAVES,THUNDER CLAP,ENERGY PROJECTION,SHOOTING LIGHTING,ELECTROKINESIS,SUPER JUMP,ELECTRICITY ABSORPTION
Thunder and Lightning	1983	1980	Electrokinesis,Psychic link	2		0	https://en.wikipedia.org/wiki/Thunder_and_Lightning_(comics)	https://upload.wikimedia.org/wikipedia/en/thumb/1/11/Thunder_and_lightning_gan_and_tavis_willliams.JPG/250px-Thunder_and_lightning_gan_and_tavis_willliams.JPG	img.dc_chars/185.JPG	THUNDER AND LIGHTNING		ELECTROKINESIS,PSYCHIC LINK
Jakeem Thunder	1998	1990	Genie summoning via pen	1	Thunderbolt	1	https://en.wikipedia.org/wiki/Jakeem_Thunder	https://upload.wikimedia.org/wikipedia/en/thumb/1/11/JakeemandThunderbolt.png/250px-JakeemandThunderbolt.png	img.dc_chars/186.png	JAKEEM THUNDER	THUNDERBOLT	GENIE SUMMONING VIA PEN
Tiger Shark	1949	1940	Brilliant criminal mastermind,Array of underwater-use weapons,Use of a handgun,special jet water ski	4		0	https://en.wikipedia.org/wiki/Tiger_Shark_(DC_Comics)	https://None	N/A	TIGER SHARK		BRILLIANT CRIMINAL MASTERMIND,ARRAY OF UNDERWATER-USE WEAPONS,USE OF A HANDGUN,SPECIAL JET WATER SKI
TNT	1942	1940	After coming in contact with Dan the Dyna-Mite :,Enhanced strength,speed,resistance to injury,Heat generation	5	Dan the Dyna-Mite	1	https://en.wikipedia.org/wiki/TNT_(character)	https://upload.wikimedia.org/wikipedia/en/9/99/TNT_DC_Comics.jpg	img.dc_chars/188.jpg	TNT	DAN THE DYNA-MITE	AFTER COMING IN CONTACT WITH DAN THE DYNA-MITE :,ENHANCED STRENGTH,SPEED,RESISTANCE TO INJURY,HEAT GENERATION
Jason Todd	1983	1980	Peak human condition,Mastery in stealth,Skilled tactician and detective,Expert hand-to-hand combatant, martial artist, and marksman,Proficient in utilizing high-tech weapons, equipment, and gadgetry	5	Batman,Redwing (Damian Wayne),Arsenal	3	https://en.wikipedia.org/wiki/Jason_Todd	https://upload.wikimedia.org/wikipedia/en/thumb/9/94/Red_Hood_%28Jason_Todd%29.png/250px-Red_Hood_%28Jason_Todd%29.png	img.dc_chars/189.png	JASON TODD	BATMAN,REDWING (DAMIAN WAYNE),ARSENAL	PEAK HUMAN CONDITION,MASTERY IN STEALTH,SKILLED TACTICIAN AND DETECTIVE,EXPERT HAND-TO-HAND COMBATANT, MARTIAL ARTIST, AND MARKSMAN,PROFICIENT IN UTILIZING HIGH-TECH WEAPONS, EQUIPMENT, AND GADGETRY
Tomar-Tu	1990	1990	Power Ring	1		0	https://en.wikipedia.org/wiki/Tomar-Tu	https://upload.wikimedia.org/wikipedia/en/7/76/Tomar-Tu.png	img.dc_chars/190.png	TOMAR-TU		POWER RING
Tomorrow Woman	1997	1990	Telekinesis,Telepathy,Lethal EMP weapon	3		0	https://en.wikipedia.org/wiki/Tomorrow_Woman	https://upload.wikimedia.org/wikipedia/en/8/85/Tomorrow_Woman_%28DC_Comics_character%29.png	img.dc_chars/191.png	TOMORROW WOMAN		TELEKINESIS,TELEPATHY,LETHAL EMP WEAPON
Tim Trench	1968	1960		0		0	https://en.wikipedia.org/wiki/Tim_Trench	https://upload.wikimedia.org/wikipedia/en/7/7d/Tim_Trench.jpg	img.dc_chars/192.jpg	TIM TRENCH		
Tyroc	1976	1970	Reality warping scream	1		0	https://en.wikipedia.org/wiki/Tyroc	https://upload.wikimedia.org/wikipedia/en/2/21/Tyroclosh.jpg	img.dc_chars/193.jpg	TYROC		REALITY WARPING SCREAM
Ultra-Man	1939	1930	Enhanced strength,stature	2		0	https://en.wikipedia.org/wiki/Ultra-Man	https://upload.wikimedia.org/wikipedia/commons/thumb/9/9e/AllAmericanComics8.jpg/250px-AllAmericanComics8.jpg	img.dc_chars/194.jpg	ULTRA-MAN		ENHANCED STRENGTH,STATURE
Vartox	1974	1970	"Hyper strength,Hyper speed,Supersonic flight,Hyper-invulnerability,Hyper-senses,Hyper hearing,Hyper breath,Hyper freezing,Hyper-vision
Heat vision
Telescopic vision
Electromagnetic spectrum vision
Microscopic vision
X-ray vision
Night vision,Heat vision,Telescopic vision,Electromagnetic spectrum vision,Microscopic vision,X-ray vision,Night vision,Body possession,Power augmentation,Mind control,Hyper hypnotism,Telepathy,Telekinesis,Teleportation,Techno-empathy,Intangibility,Energy projection,Astral projection,Prognostication,Self-transmutation into pure hyper-energy,Magnetic powers,Matter transmutation,Energy transmutation,Has a device on his thighboots which emits various gases like paralysis causing gas,An accomplished inventor and a scientific genius"	33		0	https://en.wikipedia.org/wiki/Vartox	https://upload.wikimedia.org/wikipedia/en/thumb/1/1a/Vartoxdcu0.jpg/250px-Vartoxdcu0.jpg	img.dc_chars/195.jpg	VARTOX		"HYPER STRENGTH,HYPER SPEED,SUPERSONIC FLIGHT,HYPER-INVULNERABILITY,HYPER-SENSES,HYPER HEARING,HYPER BREATH,HYPER FREEZING,HYPER-VISION
HEAT VISION
TELESCOPIC VISION
ELECTROMAGNETIC SPECTRUM VISION
MICROSCOPIC VISION
X-RAY VISION
NIGHT VISION,HEAT VISION,TELESCOPIC VISION,ELECTROMAGNETIC SPECTRUM VISION,MICROSCOPIC VISION,X-RAY VISION,NIGHT VISION,BODY POSSESSION,POWER AUGMENTATION,MIND CONTROL,HYPER HYPNOTISM,TELEPATHY,TELEKINESIS,TELEPORTATION,TECHNO-EMPATHY,INTANGIBILITY,ENERGY PROJECTION,ASTRAL PROJECTION,PROGNOSTICATION,SELF-TRANSMUTATION INTO PURE HYPER-ENERGY,MAGNETIC POWERS,MATTER TRANSMUTATION,ENERGY TRANSMUTATION,HAS A DEVICE ON HIS THIGHBOOTS WHICH EMITS VARIOUS GASES LIKE PARALYSIS CAUSING GAS,AN ACCOMPLISHED INVENTOR AND A SCIENTIFIC GENIUS"
Ozymandias	1986	1980	Peak human strength, speed, stamina and resilience,Genius-level intellect,Unrivaled understanding of human psychology,Master martial artist and hand-to-hand combatant,Body reading ability,Ultra-fast reflexes,Indomitable will,Skilled in tactical analysis and business management,Proficient engineer and historiographer	9		0	https://en.wikipedia.org/wiki/Adrian_Veidt	https://upload.wikimedia.org/wikipedia/en/c/cf/Adrian_Veidt_%28Ozymandia%29.png	img.dc_chars/196.png	OZYMANDIAS		PEAK HUMAN STRENGTH, SPEED, STAMINA AND RESILIENCE,GENIUS-LEVEL INTELLECT,UNRIVALED UNDERSTANDING OF HUMAN PSYCHOLOGY,MASTER MARTIAL ARTIST AND HAND-TO-HAND COMBATANT,BODY READING ABILITY,ULTRA-FAST REFLEXES,INDOMITABLE WILL,SKILLED IN TACTICAL ANALYSIS AND BUSINESS MANAGEMENT,PROFICIENT ENGINEER AND HISTORIOGRAPHER
Vixen	1981	1980	"Animal mimicry; has limited abilities mimic the traits of an animal due to a connection to the morphogenetic field known as the ""Red"". The Tantu Totem enhances her abilities considerably.
Enhanced strength, speed, stamina, durability, agility, reflexes, and senses.,Enhanced strength, speed, stamina, durability, agility, reflexes, and senses.,Skilled hand-to-hand combatant and athlete."	3	Bronze Tiger,Batwing,Anansi	3	https://en.wikipedia.org/wiki/Vixen_(character)	https://upload.wikimedia.org/wikipedia/en/f/f3/Vixen_%28DC_Comics_character%29.png	img.dc_chars/197.png	VIXEN	BRONZE TIGER,BATWING,ANANSI	"ANIMAL MIMICRY; HAS LIMITED ABILITIES MIMIC THE TRAITS OF AN ANIMAL DUE TO A CONNECTION TO THE MORPHOGENETIC FIELD KNOWN AS THE ""RED"". THE TANTU TOTEM ENHANCES HER ABILITIES CONSIDERABLY.
ENHANCED STRENGTH, SPEED, STAMINA, DURABILITY, AGILITY, REFLEXES, AND SENSES.,ENHANCED STRENGTH, SPEED, STAMINA, DURABILITY, AGILITY, REFLEXES, AND SENSES.,SKILLED HAND-TO-HAND COMBATANT AND ATHLETE."
Vril Dox	1964	1960	Tenth Level Intelligence	1		0	https://en.wikipedia.org/wiki/Vril_Dox	https://upload.wikimedia.org/wikipedia/en/thumb/6/6e/Brainiac2dcu0.jpg/250px-Brainiac2dcu0.jpg	img.dc_chars/198.jpg	VRIL DOX		TENTH LEVEL INTELLIGENCE
Bruce Wayne	1989	1980	Genius-level intellect,Expert detective,Master martial artist and hand-to-hand combatant,Master tactician, strategist, and field commander,Peak human physical and mental condition,Mastery of stealth and espionage,Utilizes high-tech equipment and weapons,Money / Riches	8		0	https://en.wikipedia.org/wiki/Bruce_Wayne_(1989_film_series_character)	https://upload.wikimedia.org/wikipedia/en/thumb/8/8a/Bruce_Wayne_%28Michael_Keaton%29.jpg/250px-Bruce_Wayne_%28Michael_Keaton%29.jpg	img.dc_chars/199.jpg	BRUCE WAYNE		GENIUS-LEVEL INTELLECT,EXPERT DETECTIVE,MASTER MARTIAL ARTIST AND HAND-TO-HAND COMBATANT,MASTER TACTICIAN, STRATEGIST, AND FIELD COMMANDER,PEAK HUMAN PHYSICAL AND MENTAL CONDITION,MASTERY OF STEALTH AND ESPIONAGE,UTILIZES HIGH-TECH EQUIPMENT AND WEAPONS,MONEY / RICHES
Bruce Wayne	2014	2010		0		0	https://en.wikipedia.org/wiki/Bruce_Wayne_(Gotham)	https://upload.wikimedia.org/wikipedia/en/thumb/f/f2/David_Mazouz_Batman.png/250px-David_Mazouz_Batman.png	img.dc_chars/200.png	BRUCE WAYNE		
Damian Wayne	1987	1980	Genius-level intelligence with knowledge that makes him a skilled detective and crimefighter, a trained computer specialist, knowledgeable in the supernatural, and a capable strategist and tactician.,Expert martial artist and hand-to-hand combat, trained swordsman and in other weaponry, and has proficiency in stealth.,Proficient in using high-tech equipment and weapons (similar to Batman).	3	Batman,Dick Grayson,Jason Todd,Superboy	4	https://en.wikipedia.org/wiki/Damian_Wayne	https://upload.wikimedia.org/wikipedia/en/e/ee/Robin_%28Damian_Wayne%29.png	img.dc_chars/201.png	DAMIAN WAYNE	BATMAN,DICK GRAYSON,JASON TODD,SUPERBOY	GENIUS-LEVEL INTELLIGENCE WITH KNOWLEDGE THAT MAKES HIM A SKILLED DETECTIVE AND CRIMEFIGHTER, A TRAINED COMPUTER SPECIALIST, KNOWLEDGEABLE IN THE SUPERNATURAL, AND A CAPABLE STRATEGIST AND TACTICIAN.,EXPERT MARTIAL ARTIST AND HAND-TO-HAND COMBAT, TRAINED SWORDSMAN AND IN OTHER WEAPONRY, AND HAS PROFICIENCY IN STEALTH.,PROFICIENT IN USING HIGH-TECH EQUIPMENT AND WEAPONS (SIMILAR TO BATMAN).
The Web	1942	1940	Hi-Tech Suit,Taekwondo	2		0	https://en.wikipedia.org/wiki/Web_(character)	https://None	N/A	THE WEB		HI-TECH SUIT,TAEKWONDO
The Weird	1988	1980	Density manipulation,Energy manipulation,Flight,Non-corporeal energy form	4		0	https://en.wikipedia.org/wiki/Weird_(character)	https://upload.wikimedia.org/wikipedia/en/4/41/DCWeird4.jpg	img.dc_chars/203.jpg	THE WEIRD		DENSITY MANIPULATION,ENERGY MANIPULATION,FLIGHT,NON-CORPOREAL ENERGY FORM
Whip	2020	2020	Agility,Enhanced weaponry,Hand to hand combat	3		0	https://en.wikipedia.org/wiki/Whip_(character)	https://None	N/A	WHIP		AGILITY,ENHANCED WEAPONRY,HAND TO HAND COMBAT
White Witch	1966	1960	Spellcasting,Flight via ring	2		0	https://en.wikipedia.org/wiki/White_Witch_(DC_Comics)	https://upload.wikimedia.org/wikipedia/en/thumb/0/05/Mysa_Nal_003.webp/250px-Mysa_Nal_003.webp.png	img.dc_chars/205.png	WHITE WITCH		SPELLCASTING,FLIGHT VIA RING
Wild Dog	1987	1980	Expert marksman,hand-to-hand combatant	2		0	https://en.wikipedia.org/wiki/Wild_Dog_(character)	https://upload.wikimedia.org/wikipedia/en/thumb/1/10/Wild_Dog_%28DC_Comics_character%29.png/250px-Wild_Dog_%28DC_Comics_character%29.png	img.dc_chars/206.png	WILD DOG		EXPERT MARKSMAN,HAND-TO-HAND COMBATANT
Wildcat	1942	1940	World champion heavyweight boxer,Master martial artist, hand-to-hand combatant and instructor,Peak physical condition,Nine lives at any given time	4		0	https://en.wikipedia.org/wiki/Wildcat_(Ted_Grant)	https://upload.wikimedia.org/wikipedia/en/thumb/2/25/Wildcat_%28Ted_Grant%29.jpg/250px-Wildcat_%28Ted_Grant%29.jpg	img.dc_chars/207.jpg	WILDCAT		WORLD CHAMPION HEAVYWEIGHT BOXER,MASTER MARTIAL ARTIST, HAND-TO-HAND COMBATANT AND INSTRUCTOR,PEAK PHYSICAL CONDITION,NINE LIVES AT ANY GIVEN TIME
Rose Wilson	1992	1990	Enhanced strength, speed, stamina, durability, agility, reflexes, senses, and intellect,Accelerated healing,Decelerated aging,Precognition,Expert martial artist and hand-to-hand combatant,Expert markswoman and swordswoman,Power dampening, anti-psychic presence, mental link (New 52 incarnation)	7	Deathstroke,Dick Grayson,Jason Todd,Tim Drake,Wonder Girl (Cassie Sandsmark),Jericho,Beast Boy,Raven,Superboy (Kon-El),Bart Allen	10	https://en.wikipedia.org/wiki/Rose_Wilson	https://upload.wikimedia.org/wikipedia/en/a/af/Ravager_%28Rose_Wilson%29.png	img.dc_chars/208.png	ROSE WILSON	DEATHSTROKE,DICK GRAYSON,JASON TODD,TIM DRAKE,WONDER GIRL (CASSIE SANDSMARK),JERICHO,BEAST BOY,RAVEN,SUPERBOY (KON-EL),BART ALLEN	ENHANCED STRENGTH, SPEED, STAMINA, DURABILITY, AGILITY, REFLEXES, SENSES, AND INTELLECT,ACCELERATED HEALING,DECELERATED AGING,PRECOGNITION,EXPERT MARTIAL ARTIST AND HAND-TO-HAND COMBATANT,EXPERT MARKSWOMAN AND SWORDSWOMAN,POWER DAMPENING, ANTI-PSYCHIC PRESENCE, MENTAL LINK (NEW 52 INCARNATION)
Wonder Boy	1940	1940	Superhuman strength,stamina	2		0	https://en.wikipedia.org/wiki/Wonder_Boy_(character)	https://upload.wikimedia.org/wikipedia/en/d/d9/Wonderboyquality.jpg	img.dc_chars/209.jpg	WONDER BOY		SUPERHUMAN STRENGTH,STAMINA
Wonder Twins	1977	1970	Water and ice mimicry,Animal morphing	2		0	https://en.wikipedia.org/wiki/Wonder_Twins	https://upload.wikimedia.org/wikipedia/en/thumb/2/23/Wonder_Twins_%28Zan_and_Jayna%29.png/250px-Wonder_Twins_%28Zan_and_Jayna%29.png	img.dc_chars/210.png	WONDER TWINS		WATER AND ICE MIMICRY,ANIMAL MORPHING
Wonder Woman	1941	1940	"Superhuman strength, speed, stamina, durability, senses, agility, and reflexes
The ability to summon and control lightning
Flight
Magic
Bulletproof
Reality Control
Telepathy
Creating weapons via her bracelets
Control over all armys as the God of War
Divine wisdom
Super breath
Power of healing factor
Immortality
Master martial artist and hand-to-hand combatant
Weapon mastery
Uses Lasso of Truth, indestructible bracelets to deflect opposing weapons, projectile tiara, sword, shield, and invisible plane,Superhuman strength, speed, stamina, durability, senses, agility, and reflexes,The ability to summon and control lightning,Flight,Magic,Bulletproof,Reality Control,Telepathy,Creating weapons via her bracelets,Control over all armys as the God of War,Divine wisdom,Super breath,Power of healing factor,Immortality,Master martial artist and hand-to-hand combatant,Weapon mastery,Uses Lasso of Truth, indestructible bracelets to deflect opposing weapons, projectile tiara, sword, shield, and invisible plane"	17	Wonder Girl,Steve Trevor,Superman,Batman	4	https://en.wikipedia.org/wiki/Wonder_Woman	https://upload.wikimedia.org/wikipedia/en/thumb/6/6b/Wonder_Woman_750.jpg/250px-Wonder_Woman_750.jpg	img.dc_chars/211.jpg	WONDER WOMAN	WONDER GIRL,STEVE TREVOR,SUPERMAN,BATMAN	"SUPERHUMAN STRENGTH, SPEED, STAMINA, DURABILITY, SENSES, AGILITY, AND REFLEXES
THE ABILITY TO SUMMON AND CONTROL LIGHTNING
FLIGHT
MAGIC
BULLETPROOF
REALITY CONTROL
TELEPATHY
CREATING WEAPONS VIA HER BRACELETS
CONTROL OVER ALL ARMYS AS THE GOD OF WAR
DIVINE WISDOM
SUPER BREATH
POWER OF HEALING FACTOR
IMMORTALITY
MASTER MARTIAL ARTIST AND HAND-TO-HAND COMBATANT
WEAPON MASTERY
USES LASSO OF TRUTH, INDESTRUCTIBLE BRACELETS TO DEFLECT OPPOSING WEAPONS, PROJECTILE TIARA, SWORD, SHIELD, AND INVISIBLE PLANE,SUPERHUMAN STRENGTH, SPEED, STAMINA, DURABILITY, SENSES, AGILITY, AND REFLEXES,THE ABILITY TO SUMMON AND CONTROL LIGHTNING,FLIGHT,MAGIC,BULLETPROOF,REALITY CONTROL,TELEPATHY,CREATING WEAPONS VIA HER BRACELETS,CONTROL OVER ALL ARMYS AS THE GOD OF WAR,DIVINE WISDOM,SUPER BREATH,POWER OF HEALING FACTOR,IMMORTALITY,MASTER MARTIAL ARTIST AND HAND-TO-HAND COMBATANT,WEAPON MASTERY,USES LASSO OF TRUTH, INDESTRUCTIBLE BRACELETS TO DEFLECT OPPOSING WEAPONS, PROJECTILE TIARA, SWORD, SHIELD, AND INVISIBLE PLANE"
Xerø	1997	1990	Ability to phase,see through walls	2		0	https://en.wikipedia.org/wiki/Xero_(comics)	https://upload.wikimedia.org/wikipedia/en/thumb/9/96/Xerotrane.png/250px-Xerotrane.png	img.dc_chars/212.png	XERØ		ABILITY TO PHASE,SEE THROUGH WALLS
Xombi	1994	1990	Immortality via nanotechnology	1		0	https://en.wikipedia.org/wiki/Xombi	https://upload.wikimedia.org/wikipedia/en/thumb/1/1f/Xombimsu0.jpg/250px-Xombimsu0.jpg	img.dc_chars/213.jpg	XOMBI		IMMORTALITY VIA NANOTECHNOLOGY
Sodam Yat	1986	1980	"Superhuman strength, hearing, durability, and longevity
Superhuman vision
Heat vision
Microscopic vision
X-ray vision
Telescopic vision
Infrared vision
Superhuman breath
Freeze breath
Wind breath
Superhuman speed
Superhuman agility
Superhuman reflexes
Invulnerability
Healing Factor
Flight,Superhuman strength, hearing, durability, and longevity,Superhuman vision
Heat vision
Microscopic vision
X-ray vision
Telescopic vision
Infrared vision,Heat vision,Microscopic vision,X-ray vision,Telescopic vision,Infrared vision,Superhuman breath
Freeze breath
Wind breath,Freeze breath,Wind breath,Superhuman speed
Superhuman agility
Superhuman reflexes,Superhuman agility,Superhuman reflexes,Invulnerability,Healing Factor,Flight,Force field,Generation of hard-light constructs,Real-time translation of all languages,Ion"	21		0	https://en.wikipedia.org/wiki/Sodam_Yat	https://upload.wikimedia.org/wikipedia/en/c/cb/Ion_%28Sodam_Yat%29.png	img.dc_chars/214.png	SODAM YAT		"SUPERHUMAN STRENGTH, HEARING, DURABILITY, AND LONGEVITY
SUPERHUMAN VISION
HEAT VISION
MICROSCOPIC VISION
X-RAY VISION
TELESCOPIC VISION
INFRARED VISION
SUPERHUMAN BREATH
FREEZE BREATH
WIND BREATH
SUPERHUMAN SPEED
SUPERHUMAN AGILITY
SUPERHUMAN REFLEXES
INVULNERABILITY
HEALING FACTOR
FLIGHT,SUPERHUMAN STRENGTH, HEARING, DURABILITY, AND LONGEVITY,SUPERHUMAN VISION
HEAT VISION
MICROSCOPIC VISION
X-RAY VISION
TELESCOPIC VISION
INFRARED VISION,HEAT VISION,MICROSCOPIC VISION,X-RAY VISION,TELESCOPIC VISION,INFRARED VISION,SUPERHUMAN BREATH
FREEZE BREATH
WIND BREATH,FREEZE BREATH,WIND BREATH,SUPERHUMAN SPEED
SUPERHUMAN AGILITY
SUPERHUMAN REFLEXES,SUPERHUMAN AGILITY,SUPERHUMAN REFLEXES,INVULNERABILITY,HEALING FACTOR,FLIGHT,FORCE FIELD,GENERATION OF HARD-LIGHT CONSTRUCTS,REAL-TIME TRANSLATION OF ALL LANGUAGES,ION"
Yellow Peri	1982	1980	Expertise in Occultism,Adept Magic User	2		0	https://en.wikipedia.org/wiki/Yellow_Peri	https://upload.wikimedia.org/wikipedia/en/thumb/5/5f/Yellowperidcu0.jpg/250px-Yellowperidcu0.jpg	img.dc_chars/215.jpg	YELLOW PERI		EXPERTISE IN OCCULTISM,ADEPT MAGIC USER
Yellowjacket	1944	1940	Ability to control  yellowjackets	1		0	https://en.wikipedia.org/wiki/Yellowjacket_(Charlton_Comics)	https://upload.wikimedia.org/wikipedia/commons/thumb/9/96/Yellowjacketcomics3.jpg/250px-Yellowjacketcomics3.jpg	img.dc_chars/216.jpg	YELLOWJACKET		ABILITY TO CONTROL  YELLOWJACKETS
Zatanna	1964	1960	Mastery of various forms of magic; primarily commands magical energies, cosmic forces, and spell-casting through speaking commands backwards, although not required,Occult and demonology expert,Master stage magician and escape artist,Skilled hand-to-hand combatant	4	Doctor Fate,John Constantine,Batman,Wonder Woman,Black Canary,Swamp Thing,The Flash,Raven	8	https://en.wikipedia.org/wiki/Zatanna	https://upload.wikimedia.org/wikipedia/en/thumb/6/64/Zatanna_Bring_Down_The_House.jpeg/250px-Zatanna_Bring_Down_The_House.jpeg	img.dc_chars/217.jpeg	ZATANNA	DOCTOR FATE,JOHN CONSTANTINE,BATMAN,WONDER WOMAN,BLACK CANARY,SWAMP THING,THE FLASH,RAVEN	MASTERY OF VARIOUS FORMS OF MAGIC; PRIMARILY COMMANDS MAGICAL ENERGIES, COSMIC FORCES, AND SPELL-CASTING THROUGH SPEAKING COMMANDS BACKWARDS, ALTHOUGH NOT REQUIRED,OCCULT AND DEMONOLOGY EXPERT,MASTER STAGE MAGICIAN AND ESCAPE ARTIST,SKILLED HAND-TO-HAND COMBATANT
Archie O'Toole	1938	1930		0		0	https://en.wikipedia.org/wiki/Archie_O%27Toole	https://None	N/A	ARCHIE O'TOOLE		
Captain Compass	1948	1940		0		0	https://en.wikipedia.org/wiki/Captain_Compass	https://None	N/A	CAPTAIN COMPASS		
Chief Parker	1956	1950		0		0	https://en.wikipedia.org/wiki/Chief_Parker	https://None	N/A	CHIEF PARKER		
Danny the Street	1990	1990	Teleportation,Molecular reconstruction	2		0	https://en.wikipedia.org/wiki/Danny_the_Street	https://None	N/A	DANNY THE STREET		TELEPORTATION,MOLECULAR RECONSTRUCTION
DC Comics: Anatomy of a Metahuman - Wikipedia	2020	2020		0		0	https://en.wikipedia.org/wiki/DC_Comics:_Anatomy_of_a_Metahuman	https://upload.wikimedia.org/wikipedia/en/thumb/a/a5/DC_Comics_Anatomy_of_a_Metahuman.jpg/250px-DC_Comics_Anatomy_of_a_Metahuman.jpg	img.dc_chars/222.jpg	DC COMICS: ANATOMY OF A METAHUMAN - WIKIPEDIA		
Dr. Ellen Dolan	1940	1940		0		0	https://en.wikipedia.org/wiki/Ellen_Dolan_(character)	https://upload.wikimedia.org/wikipedia/en/thumb/b/b4/Ellendolanheadshot.jpg/179px-Ellendolanheadshot.jpg	img.dc_chars/223.jpg	DR. ELLEN DOLAN		
Tam Fox	2002	2000		0		0	https://en.wikipedia.org/wiki/Tamara_Fox	https://upload.wikimedia.org/wikipedia/en/thumb/2/29/Tam_Fox.jpg/250px-Tam_Fox.jpg	img.dc_chars/224.jpg	TAM FOX		
The Haunted Tank	2020	2020		0		0	https://en.wikipedia.org/wiki/Haunted_Tank	https://upload.wikimedia.org/wikipedia/en/thumb/b/b6/Hauntedtank.jpg/250px-Hauntedtank.jpg	img.dc_chars/225.jpg	THE HAUNTED TANK		
Johnny DC	2020	2020		0		0	https://en.wikipedia.org/wiki/Johnny_DC	https://upload.wikimedia.org/wikipedia/en/e/e3/JohnnyDCLogo.jpg	img.dc_chars/226.jpg	JOHNNY DC		
Kid Flash	1959	1950		0		0	https://en.wikipedia.org/wiki/Kid_Flash	https://upload.wikimedia.org/wikipedia/en/c/c1/Kid_Flash_%28Wally_West_circa_1961%29.png	img.dc_chars/227.png	KID FLASH		
Lana Lang	1950	1950	Electro-magnetic energy manipulation,,Flight,Superhuman strength,Superhuman speed,Superhuman stamina,Freeze breath,Heat vision,Invulnerability,Electric and magnetism Manipulation	9		0	https://en.wikipedia.org/wiki/Lana_Lang	https://upload.wikimedia.org/wikipedia/en/5/52/Lana_Lang_%28DC_Comics_character%29.png	img.dc_chars/228.png	LANA LANG		ELECTRO-MAGNETIC ENERGY MANIPULATION,,FLIGHT,SUPERHUMAN STRENGTH,SUPERHUMAN SPEED,SUPERHUMAN STAMINA,FREEZE BREATH,HEAT VISION,INVULNERABILITY,ELECTRIC AND MAGNETISM MANIPULATION
Lex Luthor	2017	2010		0		0	https://en.wikipedia.org/wiki/Lex_Luthor_(Arrowverse)	https://None	N/A	LEX LUTHOR		
Mademoiselle Marie	1959	1950	Markswoman	1		0	https://en.wikipedia.org/wiki/Mademoiselle_Marie	https://None	N/A	MADEMOISELLE MARIE		MARKSWOMAN
Valerie Perez	2006	2000		0		0	https://en.wikipedia.org/wiki/Valerie_Perez	https://upload.wikimedia.org/wikipedia/en/thumb/6/64/ValPerez.jpg/186px-ValPerez.jpg	img.dc_chars/231.jpg	VALERIE PEREZ		
The Presence	1940	1940	Omnipotence,Omnipresence,Omniscience	3		0	https://en.wikipedia.org/wiki/Presence_(DC_Comics)	https://upload.wikimedia.org/wikipedia/en/f/fb/Presence_-_DC_Comics_%28character%29.png	img.dc_chars/232.png	THE PRESENCE		OMNIPOTENCE,OMNIPRESENCE,OMNISCIENCE
Rex the Wonder Dog	1952	1950	Ability to communicate to all humans,animals,longevity,exceptional strength,speed,stamina,intelligence,unspecified mystical powers/strengths	8		0	https://en.wikipedia.org/wiki/Rex_the_Wonder_Dog	https://upload.wikimedia.org/wikipedia/en/d/d9/RexTheWonderDog.jpg	img.dc_chars/233.jpg	REX THE WONDER DOG		ABILITY TO COMMUNICATE TO ALL HUMANS,ANIMALS,LONGEVITY,EXCEPTIONAL STRENGTH,SPEED,STAMINA,INTELLIGENCE,UNSPECIFIED MYSTICAL POWERS/STRENGTHS
Sea Devils	1960	1960		0		0	https://en.wikipedia.org/wiki/Sea_Devils_(comics)	https://upload.wikimedia.org/wikipedia/en/thumb/9/9a/Seadevilsdc.jpg/250px-Seadevilsdc.jpg	img.dc_chars/234.jpg	SEA DEVILS		
Snagglepuss	1959	1950		0		0	https://en.wikipedia.org/wiki/Snagglepuss	https://upload.wikimedia.org/wikipedia/en/thumb/9/9e/Snagglepuss.png/247px-Snagglepuss.png	img.dc_chars/235.png	SNAGGLEPUSS		
Spirit	1940	1940	Master detective and criminologist,Peak human physical and mental condition,Outstanding hand-to-hand combatant,Decelerated aging,Healing factor	5		0	https://en.wikipedia.org/wiki/Spirit_(comics_character)	https://upload.wikimedia.org/wikipedia/commons/thumb/a/a7/TheSpirit11March1951.jpg/250px-TheSpirit11March1951.jpg	img.dc_chars/236.jpg	SPIRIT		MASTER DETECTIVE AND CRIMINOLOGIST,PEAK HUMAN PHYSICAL AND MENTAL CONDITION,OUTSTANDING HAND-TO-HAND COMBATANT,DECELERATED AGING,HEALING FACTOR
Silver St. Cloud	1977	1970		0		0	https://en.wikipedia.org/wiki/Silver_St._Cloud	https://upload.wikimedia.org/wikipedia/en/thumb/0/0d/Silver_St_Cloud_DC_Comics.png/250px-Silver_St_Cloud_DC_Comics.png	img.dc_chars/237.png	SILVER ST. CLOUD		
Stanley and His Monster	1966	1960		0		0	https://en.wikipedia.org/wiki/Stanley_and_His_Monster	https://upload.wikimedia.org/wikipedia/en/2/20/Stanley_and_His_Monster.jpg	img.dc_chars/238.jpg	STANLEY AND HIS MONSTER		
Static	1993	1990	"Electromagnetic phenomena generation and manipulation (colored light violet)
Electromagnetic manipulation
Electromagnetic energy field manipulation
Generation of electrostatic force-fields
Electrokinesis
Electrogenesis
Electroreception
Electrocommunication
Energy absorption and redirection/transmutation
Flight via electrostatic disc plate
Keen scientific mind
Expert strategist
Technopathy/Technokinesis/Mechanokinesis (via manipulation of electrical signals)
Regenerative healing
Electricity/Lightning empowerment
Electricity absorption
Electricity manipulation
Electrical energy manipulation
Electric charge manipulation
Electricity element control
Lightning manipulation
Lightning element control
Magnetic empowerment
Electronic disruption
Psionic immunity
Manipulation of subatomic particles
Data manipulation,Electromagnetic phenomena generation and manipulation (colored light violet),Electromagnetic manipulation,Electromagnetic energy field manipulation,Generation of electrostatic force-fields,Electrokinesis,Electrogenesis,Electroreception,Electrocommunication,Energy absorption and redirection/transmutation,Flight via electrostatic disc plate,Keen scientific mind,Expert strategist,Technopathy/Technokinesis/Mechanokinesis (via manipulation of electrical signals),Regenerative healing,Electricity/Lightning empowerment,Electricity absorption,Electricity manipulation,Electrical energy manipulation,Electric charge manipulation,Electricity element control,Lightning manipulation,Lightning element control,Magnetic empowerment,Electronic disruption,Psionic immunity,Manipulation of subatomic particles,Data manipulation"	28	Kid Flash, Aquagirl (Lorena Marquez),Wonder Girl,Robin,Blue Beetle,Miss Martian	6	https://en.wikipedia.org/wiki/Static_(DC_Comics)	https://upload.wikimedia.org/wikipedia/en/thumb/d/de/Static_%28Virgil_Hawkins%29.png/250px-Static_%28Virgil_Hawkins%29.png	img.dc_chars/239.png	STATIC	KID FLASH, AQUAGIRL (LORENA MARQUEZ),WONDER GIRL,ROBIN,BLUE BEETLE,MISS MARTIAN	"ELECTROMAGNETIC PHENOMENA GENERATION AND MANIPULATION (COLORED LIGHT VIOLET)
ELECTROMAGNETIC MANIPULATION
ELECTROMAGNETIC ENERGY FIELD MANIPULATION
GENERATION OF ELECTROSTATIC FORCE-FIELDS
ELECTROKINESIS
ELECTROGENESIS
ELECTRORECEPTION
ELECTROCOMMUNICATION
ENERGY ABSORPTION AND REDIRECTION/TRANSMUTATION
FLIGHT VIA ELECTROSTATIC DISC PLATE
KEEN SCIENTIFIC MIND
EXPERT STRATEGIST
TECHNOPATHY/TECHNOKINESIS/MECHANOKINESIS (VIA MANIPULATION OF ELECTRICAL SIGNALS)
REGENERATIVE HEALING
ELECTRICITY/LIGHTNING EMPOWERMENT
ELECTRICITY ABSORPTION
ELECTRICITY MANIPULATION
ELECTRICAL ENERGY MANIPULATION
ELECTRIC CHARGE MANIPULATION
ELECTRICITY ELEMENT CONTROL
LIGHTNING MANIPULATION
LIGHTNING ELEMENT CONTROL
MAGNETIC EMPOWERMENT
ELECTRONIC DISRUPTION
PSIONIC IMMUNITY
MANIPULATION OF SUBATOMIC PARTICLES
DATA MANIPULATION,ELECTROMAGNETIC PHENOMENA GENERATION AND MANIPULATION (COLORED LIGHT VIOLET),ELECTROMAGNETIC MANIPULATION,ELECTROMAGNETIC ENERGY FIELD MANIPULATION,GENERATION OF ELECTROSTATIC FORCE-FIELDS,ELECTROKINESIS,ELECTROGENESIS,ELECTRORECEPTION,ELECTROCOMMUNICATION,ENERGY ABSORPTION AND REDIRECTION/TRANSMUTATION,FLIGHT VIA ELECTROSTATIC DISC PLATE,KEEN SCIENTIFIC MIND,EXPERT STRATEGIST,TECHNOPATHY/TECHNOKINESIS/MECHANOKINESIS (VIA MANIPULATION OF ELECTRICAL SIGNALS),REGENERATIVE HEALING,ELECTRICITY/LIGHTNING EMPOWERMENT,ELECTRICITY ABSORPTION,ELECTRICITY MANIPULATION,ELECTRICAL ENERGY MANIPULATION,ELECTRIC CHARGE MANIPULATION,ELECTRICITY ELEMENT CONTROL,LIGHTNING MANIPULATION,LIGHTNING ELEMENT CONTROL,MAGNETIC EMPOWERMENT,ELECTRONIC DISRUPTION,PSIONIC IMMUNITY,MANIPULATION OF SUBATOMIC PARTICLES,DATA MANIPULATION"
Sugar and Spike	2020	2020		0		0	https://en.wikipedia.org/wiki/Sugar_and_Spike	https://upload.wikimedia.org/wikipedia/en/thumb/5/54/SugarandSpike1.jpg/250px-SugarandSpike1.jpg	img.dc_chars/240.jpg	SUGAR AND SPIKE		
Titans of Myth	1981	1980		0		0	https://en.wikipedia.org/wiki/Titans_of_Myth_(comics)	https://upload.wikimedia.org/wikipedia/en/thumb/7/7a/New_Teen_Titans_v1_12.png/250px-New_Teen_Titans_v1_12.png	img.dc_chars/241.png	TITANS OF MYTH		
Tomahawk	1947	1940	Tomahawk is well versed in American Indian languages,customs from many tribes,He is an excellent hand-to-hand fighter,well versed in the weapons of the era,He has a keen deductive ability,is an excellent horseman	6		0	https://en.wikipedia.org/wiki/Tomahawk_(character)	https://upload.wikimedia.org/wikipedia/en/thumb/c/ce/Tomahawk15.png/250px-Tomahawk15.png	img.dc_chars/242.png	TOMAHAWK		TOMAHAWK IS WELL VERSED IN AMERICAN INDIAN LANGUAGES,CUSTOMS FROM MANY TRIBES,HE IS AN EXCELLENT HAND-TO-HAND FIGHTER,WELL VERSED IN THE WEAPONS OF THE ERA,HE HAS A KEEN DEDUCTIVE ABILITY,IS AN EXCELLENT HORSEMAN
Ebony White	1940	1940		0		0	https://en.wikipedia.org/wiki/Ebony_White	https://upload.wikimedia.org/wikipedia/en/thumb/9/9d/The_Spirit_10.jpg/250px-The_Spirit_10.jpg	img.dc_chars/243.jpg	EBONY WHITE		
Winky, Blinky, and Noddy	1942	1940		0		0	https://en.wikipedia.org/wiki/Winky,_Blinky,_and_Noddy	https://upload.wikimedia.org/wikipedia/en/thumb/e/ee/Winky_Blinky_Noddy.jpg/250px-Winky_Blinky_Noddy.jpg	img.dc_chars/244.jpg	WINKY, BLINKY, AND NODDY		
Zola	2011	2010		0		0	https://en.wikipedia.org/wiki/Zola_(DC_Comics)	https://upload.wikimedia.org/wikipedia/en/thumb/1/16/Zola_Wonder_Woman_vol_4_1.jpg/244px-Zola_Wonder_Woman_vol_4_1.jpg	img.dc_chars/245.jpg	ZOLA		
